Symbol,Date,Close
AAPL,2025-04-15,148.24
AAPL,2025-04-16,149.4
AAPL,2025-04-17,153.58
AAPL,2025-04-18,139.83
AAPL,2025-04-19,156.57
AAPL,2025-04-20,142.34
AAPL,2025-04-21,152.66
AAPL,2025-04-22,143.41
AAPL,2025-04-23,158.68
AAPL,2025-04-24,146.64
AAPL,2025-04-25,152.16
AAPL,2025-04-26,145.76
AAPL,2025-04-27,144.98
AAPL,2025-04-28,147.66
AAPL,2025-04-29,146.74
AAPL,2025-04-30,150.17
AAPL,2025-05-01,153.27
AAPL,2025-05-02,153.9
AAPL,2025-05-03,143.95
AAPL,2025-05-04,147.67
AAPL,2025-05-05,151.64
AAPL,2025-05-06,141.24
AAPL,2025-05-07,142.76
AAPL,2025-05-08,140.21
AAPL,2025-05-09,150.23
AAPL,2025-05-10,140.9
AAPL,2025-05-11,152.83
AAPL,2025-05-12,151.85
AAPL,2025-05-13,147.59
AAPL,2025-05-14,154.35
AAPL,2025-05-15,153.74
AAPL,2025-05-16,150.33
AAPL,2025-05-17,151.46
AAPL,2025-05-18,157.0
AAPL,2025-05-19,150.02
AAPL,2025-05-20,141.81
AAPL,2025-05-21,153.08
AAPL,2025-05-22,140.49
AAPL,2025-05-23,151.69
AAPL,2025-05-24,144.52
AAPL,2025-05-25,152.19
AAPL,2025-05-26,141.83
AAPL,2025-05-27,146.26
AAPL,2025-05-28,152.02
AAPL,2025-05-29,156.61
AAPL,2025-05-30,147.92
AAPL,2025-05-31,142.27
AAPL,2025-06-01,156.86
AAPL,2025-06-02,144.08
AAPL,2025-06-03,143.42
AAPL,2025-06-04,150.81
AAPL,2025-06-05,152.1
AAPL,2025-06-06,144.01
AAPL,2025-06-07,150.93
AAPL,2025-06-08,146.76
AAPL,2025-06-09,144.54
AAPL,2025-06-10,148.83
AAPL,2025-06-11,146.19
AAPL,2025-06-12,147.56
AAPL,2025-06-13,144.89
MSFT,2025-04-15,233.64
MSFT,2025-04-16,226.0
MSFT,2025-04-17,230.95
MSFT,2025-04-18,229.98
MSFT,2025-04-19,230.74
MSFT,2025-04-20,221.42
MSFT,2025-04-21,225.99
MSFT,2025-04-22,225.94
MSFT,2025-04-23,223.72
MSFT,2025-04-24,216.89
MSFT,2025-04-25,218.65
MSFT,2025-04-26,226.86
MSFT,2025-04-27,226.9
MSFT,2025-04-28,225.5
MSFT,2025-04-29,217.93
MSFT,2025-04-30,221.63
MSFT,2025-05-01,214.22
MSFT,2025-05-02,223.28
MSFT,2025-05-03,227.04
MSFT,2025-05-04,213.99
MSFT,2025-05-05,223.69
MSFT,2025-05-06,223.9
MSFT,2025-05-07,223.07
MSFT,2025-05-08,229.32
MSFT,2025-05-09,222.87
MSFT,2025-05-10,230.08
MSFT,2025-05-11,225.93
MSFT,2025-05-12,221.18
MSFT,2025-05-13,226.96
MSFT,2025-05-14,224.0
MSFT,2025-05-15,227.44
MSFT,2025-05-16,223.1
MSFT,2025-05-17,227.81
MSFT,2025-05-18,221.59
MSFT,2025-05-19,218.13
MSFT,2025-05-20,230.6
MSFT,2025-05-21,227.94
MSFT,2025-05-22,221.09
MSFT,2025-05-23,233.93
MSFT,2025-05-24,216.66
MSFT,2025-05-25,231.91
MSFT,2025-05-26,219.12
MSFT,2025-05-27,217.28
MSFT,2025-05-28,237.21
MSFT,2025-05-29,224.5
MSFT,2025-05-30,221.76
MSFT,2025-05-31,226.37
MSFT,2025-06-01,220.33
MSFT,2025-06-02,222.16
MSFT,2025-06-03,219.8
MSFT,2025-06-04,223.68
MSFT,2025-06-05,220.92
MSFT,2025-06-06,225.8
MSFT,2025-06-07,227.15
MSFT,2025-06-08,219.47
MSFT,2025-06-09,215.48
MSFT,2025-06-10,224.43
MSFT,2025-06-11,227.99
MSFT,2025-06-12,233.21
MSFT,2025-06-13,225.83
GOOG,2025-04-15,110.22
GOOG,2025-04-16,115.15
GOOG,2025-04-17,108.14
GOOG,2025-04-18,120.44
GOOG,2025-04-19,117.96
GOOG,2025-04-20,116.81
GOOG,2025-04-21,110.33
GOOG,2025-04-22,108.66
GOOG,2025-04-23,119.15
GOOG,2025-04-24,120.11
GOOG,2025-04-25,105.49
GOOG,2025-04-26,118.29
GOOG,2025-04-27,118.28
GOOG,2025-04-28,111.12
GOOG,2025-04-29,111.49
GOOG,2025-04-30,106.71
GOOG,2025-05-01,104.07
GOOG,2025-05-02,104.12
GOOG,2025-05-03,106.36
GOOG,2025-05-04,121.51
GOOG,2025-05-05,111.43
GOOG,2025-05-06,107.7
GOOG,2025-05-07,110.5
GOOG,2025-05-08,104.08
GOOG,2025-05-09,108.72
GOOG,2025-05-10,113.53
GOOG,2025-05-11,109.54
GOOG,2025-05-12,112.82
GOOG,2025-05-13,108.79
GOOG,2025-05-14,107.99
GOOG,2025-05-15,101.76
GOOG,2025-05-16,117.24
GOOG,2025-05-17,101.29
GOOG,2025-05-18,103.54
GOOG,2025-05-19,106.32
GOOG,2025-05-20,105.65
GOOG,2025-05-21,109.92
GOOG,2025-05-22,107.12
GOOG,2025-05-23,108.79
GOOG,2025-05-24,110.12
GOOG,2025-05-25,110.98
GOOG,2025-05-26,105.01
GOOG,2025-05-27,104.8
GOOG,2025-05-28,112.54
GOOG,2025-05-29,115.56
GOOG,2025-05-30,114.92
GOOG,2025-05-31,107.88
GOOG,2025-06-01,110.56
GOOG,2025-06-02,107.43
GOOG,2025-06-03,113.31
GOOG,2025-06-04,114.88
GOOG,2025-06-05,106.15
GOOG,2025-06-06,118.17
GOOG,2025-06-07,116.42
GOOG,2025-06-08,101.82
GOOG,2025-06-09,110.3
GOOG,2025-06-10,110.17
GOOG,2025-06-11,115.98
GOOG,2025-06-12,110.74
GOOG,2025-06-13,110.03
AMZN,2025-04-15,304.11
AMZN,2025-04-16,304.4
AMZN,2025-04-17,294.84
AMZN,2025-04-18,305.36
AMZN,2025-04-19,307.83
AMZN,2025-04-20,307.05
AMZN,2025-04-21,291.93
AMZN,2025-04-22,298.52
AMZN,2025-04-23,299.12
AMZN,2025-04-24,308.78
AMZN,2025-04-25,303.97
AMZN,2025-04-26,300.8
AMZN,2025-04-27,297.72
AMZN,2025-04-28,288.83
AMZN,2025-04-29,292.97
AMZN,2025-04-30,297.9
AMZN,2025-05-01,301.3
AMZN,2025-05-02,298.29
AMZN,2025-05-03,300.46
AMZN,2025-05-04,291.48
AMZN,2025-05-05,307.81
AMZN,2025-05-06,299.04
AMZN,2025-05-07,300.52
AMZN,2025-05-08,301.07
AMZN,2025-05-09,299.93
AMZN,2025-05-10,303.21
AMZN,2025-05-11,295.98
AMZN,2025-05-12,293.89
AMZN,2025-05-13,297.57
AMZN,2025-05-14,292.27
AMZN,2025-05-15,295.76
AMZN,2025-05-16,303.36
AMZN,2025-05-17,303.37
AMZN,2025-05-18,300.94
AMZN,2025-05-19,299.31
AMZN,2025-05-20,293.69
AMZN,2025-05-21,290.08
AMZN,2025-05-22,302.53
AMZN,2025-05-23,305.81
AMZN,2025-05-24,293.46
AMZN,2025-05-25,300.84
AMZN,2025-05-26,301.8
AMZN,2025-05-27,289.81
AMZN,2025-05-28,298.21
AMZN,2025-05-29,301.17
AMZN,2025-05-30,296.45
AMZN,2025-05-31,300.08
AMZN,2025-06-01,297.55
AMZN,2025-06-02,295.09
AMZN,2025-06-03,297.0
AMZN,2025-06-04,304.65
AMZN,2025-06-05,302.5
AMZN,2025-06-06,297.57
AMZN,2025-06-07,295.5
AMZN,2025-06-08,292.8
AMZN,2025-06-09,290.08
AMZN,2025-06-10,292.31
AMZN,2025-06-11,304.54
AMZN,2025-06-12,297.04
AMZN,2025-06-13,291.72
TSLA,2025-04-15,461.27
TSLA,2025-04-16,467.57
TSLA,2025-04-17,480.18
TSLA,2025-04-18,473.65
TSLA,2025-04-19,450.91
TSLA,2025-04-20,468.92
TSLA,2025-04-21,467.42
TSLA,2025-04-22,463.07
TSLA,2025-04-23,464.93
TSLA,2025-04-24,470.78
TSLA,2025-04-25,467.07
TSLA,2025-04-26,456.16
TSLA,2025-04-27,471.97
TSLA,2025-04-28,467.1
TSLA,2025-04-29,469.66
TSLA,2025-04-30,463.56
TSLA,2025-05-01,472.87
TSLA,2025-05-02,464.43
TSLA,2025-05-03,465.28
TSLA,2025-05-04,457.31
TSLA,2025-05-05,466.87
TSLA,2025-05-06,464.78
TSLA,2025-05-07,460.26
TSLA,2025-05-08,473.73
TSLA,2025-05-09,450.79
TSLA,2025-05-10,467.74
TSLA,2025-05-11,462.39
TSLA,2025-05-12,463.28
TSLA,2025-05-13,455.67
TSLA,2025-05-14,470.61
TSLA,2025-05-15,469.22
TSLA,2025-05-16,462.17
TSLA,2025-05-17,465.5
TSLA,2025-05-18,467.17
TSLA,2025-05-19,462.86
TSLA,2025-05-20,466.19
TSLA,2025-05-21,462.09
TSLA,2025-05-22,458.47
TSLA,2025-05-23,462.83
TSLA,2025-05-24,473.61
TSLA,2025-05-25,459.94
TSLA,2025-05-26,456.34
TSLA,2025-05-27,467.05
TSLA,2025-05-28,461.22
TSLA,2025-05-29,467.68
TSLA,2025-05-30,466.09
TSLA,2025-05-31,459.22
TSLA,2025-06-01,469.38
TSLA,2025-06-02,453.2
TSLA,2025-06-03,460.36
TSLA,2025-06-04,453.55
TSLA,2025-06-05,479.92
TSLA,2025-06-06,468.18
TSLA,2025-06-07,456.13
TSLA,2025-06-08,457.66
TSLA,2025-06-09,466.23
TSLA,2025-06-10,468.37
TSLA,2025-06-11,462.72
TSLA,2025-06-12,473.43
TSLA,2025-06-13,453.82
META,2025-04-15,107.37
META,2025-04-16,107.04
META,2025-04-17,115.01
META,2025-04-18,107.11
META,2025-04-19,111.56
META,2025-04-20,121.53
META,2025-04-21,102.89
META,2025-04-22,115.39
META,2025-04-23,105.98
META,2025-04-24,109.56
META,2025-04-25,105.28
META,2025-04-26,101.2
META,2025-04-27,109.4
META,2025-04-28,110.44
META,2025-04-29,110.55
META,2025-04-30,106.75
META,2025-05-01,106.81
META,2025-05-02,107.13
META,2025-05-03,105.54
META,2025-05-04,101.9
META,2025-05-05,116.4
META,2025-05-06,108.77
META,2025-05-07,107.24
META,2025-05-08,112.2
META,2025-05-09,100.54
META,2025-05-10,110.82
META,2025-05-11,106.58
META,2025-05-12,114.25
META,2025-05-13,109.84
META,2025-05-14,111.27
META,2025-05-15,104.51
META,2025-05-16,103.66
META,2025-05-17,112.6
META,2025-05-18,108.02
META,2025-05-19,113.75
META,2025-05-20,109.22
META,2025-05-21,104.72
META,2025-05-22,102.01
META,2025-05-23,110.67
META,2025-05-24,110.08
META,2025-05-25,115.59
META,2025-05-26,117.56
META,2025-05-27,106.42
META,2025-05-28,109.9
META,2025-05-29,109.15
META,2025-05-30,107.58
META,2025-05-31,107.21
META,2025-06-01,113.0
META,2025-06-02,112.27
META,2025-06-03,106.29
META,2025-06-04,111.11
META,2025-06-05,113.24
META,2025-06-06,110.43
META,2025-06-07,100.98
META,2025-06-08,104.64
META,2025-06-09,123.39
META,2025-06-10,108.7
META,2025-06-11,113.0
META,2025-06-12,109.29
META,2025-06-13,108.69
NVDA,2025-04-15,425.6
NVDA,2025-04-16,428.88
NVDA,2025-04-17,419.31
NVDA,2025-04-18,420.86
NVDA,2025-04-19,424.7
NVDA,2025-04-20,433.24
NVDA,2025-04-21,422.92
NVDA,2025-04-22,421.79
NVDA,2025-04-23,426.64
NVDA,2025-04-24,433.2
NVDA,2025-04-25,423.6
NVDA,2025-04-26,426.9
NVDA,2025-04-27,420.06
NVDA,2025-04-28,434.0
NVDA,2025-04-29,417.62
NVDA,2025-04-30,417.5
NVDA,2025-05-01,420.48
NVDA,2025-05-02,417.14
NVDA,2025-05-03,415.73
NVDA,2025-05-04,418.64
NVDA,2025-05-05,424.69
NVDA,2025-05-06,425.06
NVDA,2025-05-07,421.91
NVDA,2025-05-08,421.72
NVDA,2025-05-09,427.23
NVDA,2025-05-10,423.17
NVDA,2025-05-11,429.26
NVDA,2025-05-12,421.5
NVDA,2025-05-13,421.63
NVDA,2025-05-14,424.57
NVDA,2025-05-15,425.9
NVDA,2025-05-16,424.83
NVDA,2025-05-17,432.11
NVDA,2025-05-18,428.9
NVDA,2025-05-19,428.6
NVDA,2025-05-20,431.06
NVDA,2025-05-21,421.37
NVDA,2025-05-22,424.28
NVDA,2025-05-23,426.21
NVDA,2025-05-24,421.73
NVDA,2025-05-25,427.94
NVDA,2025-05-26,429.15
NVDA,2025-05-27,428.11
NVDA,2025-05-28,426.78
NVDA,2025-05-29,426.93
NVDA,2025-05-30,423.0
NVDA,2025-05-31,422.08
NVDA,2025-06-01,423.65
NVDA,2025-06-02,419.68
NVDA,2025-06-03,423.03
NVDA,2025-06-04,435.01
NVDA,2025-06-05,426.35
NVDA,2025-06-06,424.35
NVDA,2025-06-07,426.89
NVDA,2025-06-08,425.05
NVDA,2025-06-09,434.11
NVDA,2025-06-10,432.63
NVDA,2025-06-11,428.81
NVDA,2025-06-12,415.84
NVDA,2025-06-13,429.69
BRK.B,2025-04-15,411.76
BRK.B,2025-04-16,414.48
BRK.B,2025-04-17,400.97
BRK.B,2025-04-18,401.37
BRK.B,2025-04-19,412.46
BRK.B,2025-04-20,410.74
BRK.B,2025-04-21,406.99
BRK.B,2025-04-22,413.79
BRK.B,2025-04-23,405.27
BRK.B,2025-04-24,405.58
BRK.B,2025-04-25,414.2
BRK.B,2025-04-26,407.72
BRK.B,2025-04-27,409.78
BRK.B,2025-04-28,410.8
BRK.B,2025-04-29,412.89
BRK.B,2025-04-30,403.39
BRK.B,2025-05-01,410.0
BRK.B,2025-05-02,414.39
BRK.B,2025-05-03,408.51
BRK.B,2025-05-04,412.7
BRK.B,2025-05-05,408.21
BRK.B,2025-05-06,404.5
BRK.B,2025-05-07,406.68
BRK.B,2025-05-08,406.11
BRK.B,2025-05-09,411.07
BRK.B,2025-05-10,401.07
BRK.B,2025-05-11,412.15
BRK.B,2025-05-12,412.62
BRK.B,2025-05-13,409.5
BRK.B,2025-05-14,405.38
BRK.B,2025-05-15,409.28
BRK.B,2025-05-16,406.61
BRK.B,2025-05-17,419.41
BRK.B,2025-05-18,402.54
BRK.B,2025-05-19,409.74
BRK.B,2025-05-20,403.46
BRK.B,2025-05-21,408.22
BRK.B,2025-05-22,410.92
BRK.B,2025-05-23,415.62
BRK.B,2025-05-24,418.26
BRK.B,2025-05-25,409.48
BRK.B,2025-05-26,402.89
BRK.B,2025-05-27,412.32
BRK.B,2025-05-28,397.68
BRK.B,2025-05-29,411.44
BRK.B,2025-05-30,406.85
BRK.B,2025-05-31,414.49
BRK.B,2025-06-01,403.29
BRK.B,2025-06-02,397.11
BRK.B,2025-06-03,401.19
BRK.B,2025-06-04,402.41
BRK.B,2025-06-05,409.07
BRK.B,2025-06-06,408.04
BRK.B,2025-06-07,417.1
BRK.B,2025-06-08,407.47
BRK.B,2025-06-09,405.0
BRK.B,2025-06-10,402.17
BRK.B,2025-06-11,415.58
BRK.B,2025-06-12,410.47
BRK.B,2025-06-13,408.5
UNH,2025-04-15,291.81
UNH,2025-04-16,281.94
UNH,2025-04-17,290.23
UNH,2025-04-18,290.33
UNH,2025-04-19,296.14
UNH,2025-04-20,288.77
UNH,2025-04-21,289.1
UNH,2025-04-22,283.47
UNH,2025-04-23,291.96
UNH,2025-04-24,286.18
UNH,2025-04-25,278.95
UNH,2025-04-26,287.55
UNH,2025-04-27,285.41
UNH,2025-04-28,293.41
UNH,2025-04-29,298.29
UNH,2025-04-30,290.2
UNH,2025-05-01,290.65
UNH,2025-05-02,289.73
UNH,2025-05-03,289.86
UNH,2025-05-04,288.4
UNH,2025-05-05,291.81
UNH,2025-05-06,289.93
UNH,2025-05-07,294.8
UNH,2025-05-08,291.27
UNH,2025-05-09,293.97
UNH,2025-05-10,291.6
UNH,2025-05-11,286.9
UNH,2025-05-12,291.8
UNH,2025-05-13,284.73
UNH,2025-05-14,295.9
UNH,2025-05-15,288.51
UNH,2025-05-16,290.59
UNH,2025-05-17,292.32
UNH,2025-05-18,283.7
UNH,2025-05-19,292.08
UNH,2025-05-20,289.99
UNH,2025-05-21,287.51
UNH,2025-05-22,291.27
UNH,2025-05-23,292.48
UNH,2025-05-24,286.41
UNH,2025-05-25,295.35
UNH,2025-05-26,293.28
UNH,2025-05-27,291.88
UNH,2025-05-28,291.0
UNH,2025-05-29,289.75
UNH,2025-05-30,296.76
UNH,2025-05-31,287.33
UNH,2025-06-01,289.02
UNH,2025-06-02,291.09
UNH,2025-06-03,287.18
UNH,2025-06-04,288.05
UNH,2025-06-05,296.74
UNH,2025-06-06,283.0
UNH,2025-06-07,298.79
UNH,2025-06-08,305.47
UNH,2025-06-09,289.72
UNH,2025-06-10,285.59
UNH,2025-06-11,294.94
UNH,2025-06-12,290.0
UNH,2025-06-13,291.05
V,2025-04-15,263.97
V,2025-04-16,267.94
V,2025-04-17,262.93
V,2025-04-18,267.16
V,2025-04-19,260.06
V,2025-04-20,267.26
V,2025-04-21,264.66
V,2025-04-22,258.87
V,2025-04-23,265.64
V,2025-04-24,256.12
V,2025-04-25,272.1
V,2025-04-26,269.01
V,2025-04-27,263.41
V,2025-04-28,261.37
V,2025-04-29,261.73
V,2025-04-30,257.52
V,2025-05-01,269.04
V,2025-05-02,268.6
V,2025-05-03,262.72
V,2025-05-04,256.79
V,2025-05-05,258.79
V,2025-05-06,260.82
V,2025-05-07,268.14
V,2025-05-08,261.71
V,2025-05-09,251.46
V,2025-05-10,262.13
V,2025-05-11,262.69
V,2025-05-12,270.24
V,2025-05-13,258.41
V,2025-05-14,259.49
V,2025-05-15,269.08
V,2025-05-16,255.19
V,2025-05-17,264.13
V,2025-05-18,272.53
V,2025-05-19,267.07
V,2025-05-20,269.37
V,2025-05-21,264.37
V,2025-05-22,258.9
V,2025-05-23,264.02
V,2025-05-24,268.56
V,2025-05-25,267.55
V,2025-05-26,262.02
V,2025-05-27,273.02
V,2025-05-28,262.2
V,2025-05-29,259.7
V,2025-05-30,258.28
V,2025-05-31,268.82
V,2025-06-01,264.88
V,2025-06-02,273.05
V,2025-06-03,274.55
V,2025-06-04,268.38
V,2025-06-05,261.21
V,2025-06-06,263.3
V,2025-06-07,262.69
V,2025-06-08,263.38
V,2025-06-09,259.35
V,2025-06-10,263.92
V,2025-06-11,265.88
V,2025-06-12,258.22
V,2025-06-13,261.26
JNJ,2025-04-15,189.66
JNJ,2025-04-16,198.31
JNJ,2025-04-17,189.52
JNJ,2025-04-18,184.7
JNJ,2025-04-19,189.33
JNJ,2025-04-20,181.48
JNJ,2025-04-21,196.8
JNJ,2025-04-22,188.69
JNJ,2025-04-23,189.35
JNJ,2025-04-24,182.1
JNJ,2025-04-25,185.09
JNJ,2025-04-26,185.05
JNJ,2025-04-27,189.17
JNJ,2025-04-28,195.55
JNJ,2025-04-29,199.95
JNJ,2025-04-30,194.0
JNJ,2025-05-01,195.06
JNJ,2025-05-02,196.76
JNJ,2025-05-03,196.0
JNJ,2025-05-04,192.56
JNJ,2025-05-05,181.44
JNJ,2025-05-06,187.08
JNJ,2025-05-07,189.08
JNJ,2025-05-08,183.84
JNJ,2025-05-09,188.61
JNJ,2025-05-10,183.71
JNJ,2025-05-11,196.21
JNJ,2025-05-12,183.12
JNJ,2025-05-13,194.33
JNJ,2025-05-14,191.78
JNJ,2025-05-15,183.53
JNJ,2025-05-16,196.11
JNJ,2025-05-17,190.28
JNJ,2025-05-18,181.32
JNJ,2025-05-19,191.45
JNJ,2025-05-20,181.99
JNJ,2025-05-21,182.91
JNJ,2025-05-22,183.42
JNJ,2025-05-23,185.74
JNJ,2025-05-24,191.34
JNJ,2025-05-25,192.02
JNJ,2025-05-26,189.35
JNJ,2025-05-27,184.27
JNJ,2025-05-28,190.45
JNJ,2025-05-29,192.33
JNJ,2025-05-30,191.19
JNJ,2025-05-31,190.29
JNJ,2025-06-01,187.54
JNJ,2025-06-02,187.56
JNJ,2025-06-03,195.06
JNJ,2025-06-04,191.62
JNJ,2025-06-05,189.78
JNJ,2025-06-06,194.5
JNJ,2025-06-07,201.46
JNJ,2025-06-08,187.4
JNJ,2025-06-09,195.16
JNJ,2025-06-10,193.45
JNJ,2025-06-11,194.02
JNJ,2025-06-12,191.41
JNJ,2025-06-13,193.84
JPM,2025-04-15,461.31
JPM,2025-04-16,456.27
JPM,2025-04-17,459.54
JPM,2025-04-18,463.93
JPM,2025-04-19,463.48
JPM,2025-04-20,461.54
JPM,2025-04-21,470.05
JPM,2025-04-22,451.02
JPM,2025-04-23,465.08
JPM,2025-04-24,458.93
JPM,2025-04-25,460.68
JPM,2025-04-26,459.12
JPM,2025-04-27,453.82
JPM,2025-04-28,454.83
JPM,2025-04-29,457.97
JPM,2025-04-30,460.98
JPM,2025-05-01,455.25
JPM,2025-05-02,458.55
JPM,2025-05-03,461.76
JPM,2025-05-04,456.2
JPM,2025-05-05,458.74
JPM,2025-05-06,453.59
JPM,2025-05-07,453.54
JPM,2025-05-08,456.07
JPM,2025-05-09,461.15
JPM,2025-05-10,453.04
JPM,2025-05-11,460.46
JPM,2025-05-12,452.24
JPM,2025-05-13,468.88
JPM,2025-05-14,468.04
JPM,2025-05-15,460.92
JPM,2025-05-16,459.4
JPM,2025-05-17,447.61
JPM,2025-05-18,458.52
JPM,2025-05-19,453.65
JPM,2025-05-20,467.24
JPM,2025-05-21,458.86
JPM,2025-05-22,459.47
JPM,2025-05-23,447.24
JPM,2025-05-24,466.67
JPM,2025-05-25,461.25
JPM,2025-05-26,468.49
JPM,2025-05-27,457.54
JPM,2025-05-28,458.99
JPM,2025-05-29,451.71
JPM,2025-05-30,460.56
JPM,2025-05-31,451.89
JPM,2025-06-01,445.13
JPM,2025-06-02,457.53
JPM,2025-06-03,456.52
JPM,2025-06-04,462.81
JPM,2025-06-05,462.21
JPM,2025-06-06,455.89
JPM,2025-06-07,452.06
JPM,2025-06-08,458.48
JPM,2025-06-09,458.38
JPM,2025-06-10,460.89
JPM,2025-06-11,457.4
JPM,2025-06-12,456.38
JPM,2025-06-13,460.88
XOM,2025-04-15,477.6
XOM,2025-04-16,479.89
XOM,2025-04-17,488.93
XOM,2025-04-18,481.77
XOM,2025-04-19,473.7
XOM,2025-04-20,486.25
XOM,2025-04-21,487.96
XOM,2025-04-22,482.47
XOM,2025-04-23,478.48
XOM,2025-04-24,479.21
XOM,2025-04-25,475.8
XOM,2025-04-26,479.05
XOM,2025-04-27,473.08
XOM,2025-04-28,480.45
XOM,2025-04-29,483.61
XOM,2025-04-30,474.63
XOM,2025-05-01,481.96
XOM,2025-05-02,476.41
XOM,2025-05-03,476.61
XOM,2025-05-04,483.85
XOM,2025-05-05,477.33
XOM,2025-05-06,475.75
XOM,2025-05-07,478.03
XOM,2025-05-08,484.09
XOM,2025-05-09,483.6
XOM,2025-05-10,477.26
XOM,2025-05-11,480.26
XOM,2025-05-12,476.78
XOM,2025-05-13,484.09
XOM,2025-05-14,483.97
XOM,2025-05-15,477.61
XOM,2025-05-16,481.31
XOM,2025-05-17,479.52
XOM,2025-05-18,490.16
XOM,2025-05-19,478.54
XOM,2025-05-20,474.85
XOM,2025-05-21,479.2
XOM,2025-05-22,478.45
XOM,2025-05-23,480.8
XOM,2025-05-24,481.81
XOM,2025-05-25,474.18
XOM,2025-05-26,481.55
XOM,2025-05-27,483.71
XOM,2025-05-28,481.43
XOM,2025-05-29,476.51
XOM,2025-05-30,484.04
XOM,2025-05-31,477.7
XOM,2025-06-01,479.25
XOM,2025-06-02,471.13
XOM,2025-06-03,483.05
XOM,2025-06-04,471.43
XOM,2025-06-05,473.97
XOM,2025-06-06,477.16
XOM,2025-06-07,479.32
XOM,2025-06-08,478.27
XOM,2025-06-09,482.6
XOM,2025-06-10,484.15
XOM,2025-06-11,485.58
XOM,2025-06-12,484.28
XOM,2025-06-13,476.48
PG,2025-04-15,252.64
PG,2025-04-16,254.87
PG,2025-04-17,255.39
PG,2025-04-18,263.45
PG,2025-04-19,252.92
PG,2025-04-20,247.42
PG,2025-04-21,248.85
PG,2025-04-22,251.86
PG,2025-04-23,253.76
PG,2025-04-24,251.2
PG,2025-04-25,248.13
PG,2025-04-26,251.2
PG,2025-04-27,249.26
PG,2025-04-28,252.95
PG,2025-04-29,252.0
PG,2025-04-30,253.15
PG,2025-05-01,257.64
PG,2025-05-02,245.6
PG,2025-05-03,260.12
PG,2025-05-04,253.74
PG,2025-05-05,245.57
PG,2025-05-06,249.35
PG,2025-05-07,256.06
PG,2025-05-08,253.78
PG,2025-05-09,252.6
PG,2025-05-10,261.58
PG,2025-05-11,250.56
PG,2025-05-12,235.71
PG,2025-05-13,256.0
PG,2025-05-14,250.71
PG,2025-05-15,257.3
PG,2025-05-16,254.43
PG,2025-05-17,251.33
PG,2025-05-18,252.41
PG,2025-05-19,257.79
PG,2025-05-20,253.94
PG,2025-05-21,248.48
PG,2025-05-22,255.29
PG,2025-05-23,260.02
PG,2025-05-24,261.71
PG,2025-05-25,257.45
PG,2025-05-26,249.79
PG,2025-05-27,254.78
PG,2025-05-28,255.27
PG,2025-05-29,247.87
PG,2025-05-30,264.04
PG,2025-05-31,262.11
PG,2025-06-01,255.84
PG,2025-06-02,251.93
PG,2025-06-03,250.69
PG,2025-06-04,253.9
PG,2025-06-05,250.15
PG,2025-06-06,257.2
PG,2025-06-07,252.64
PG,2025-06-08,258.87
PG,2025-06-09,252.25
PG,2025-06-10,251.04
PG,2025-06-11,245.41
PG,2025-06-12,250.8
PG,2025-06-13,256.07
MA,2025-04-15,275.68
MA,2025-04-16,272.91
MA,2025-04-17,274.63
MA,2025-04-18,270.6
MA,2025-04-19,268.99
MA,2025-04-20,264.77
MA,2025-04-21,271.19
MA,2025-04-22,270.61
MA,2025-04-23,270.58
MA,2025-04-24,272.17
MA,2025-04-25,271.96
MA,2025-04-26,275.64
MA,2025-04-27,270.27
MA,2025-04-28,273.8
MA,2025-04-29,273.11
MA,2025-04-30,271.07
MA,2025-05-01,265.0
MA,2025-05-02,273.7
MA,2025-05-03,275.98
MA,2025-05-04,277.29
MA,2025-05-05,268.15
MA,2025-05-06,264.72
MA,2025-05-07,274.03
MA,2025-05-08,271.76
MA,2025-05-09,275.21
MA,2025-05-10,264.69
MA,2025-05-11,276.0
MA,2025-05-12,277.76
MA,2025-05-13,277.75
MA,2025-05-14,270.96
MA,2025-05-15,273.25
MA,2025-05-16,267.61
MA,2025-05-17,267.46
MA,2025-05-18,273.4
MA,2025-05-19,275.63
MA,2025-05-20,272.91
MA,2025-05-21,281.18
MA,2025-05-22,275.67
MA,2025-05-23,277.66
MA,2025-05-24,279.32
MA,2025-05-25,265.78
MA,2025-05-26,273.66
MA,2025-05-27,264.04
MA,2025-05-28,278.63
MA,2025-05-29,263.93
MA,2025-05-30,274.36
MA,2025-05-31,268.88
MA,2025-06-01,270.22
MA,2025-06-02,278.45
MA,2025-06-03,278.86
MA,2025-06-04,270.27
MA,2025-06-05,276.68
MA,2025-06-06,267.44
MA,2025-06-07,271.21
MA,2025-06-08,279.16
MA,2025-06-09,278.4
MA,2025-06-10,266.26
MA,2025-06-11,260.43
MA,2025-06-12,265.0
MA,2025-06-13,279.78
HD,2025-04-15,377.72
HD,2025-04-16,390.23
HD,2025-04-17,388.0
HD,2025-04-18,383.38
HD,2025-04-19,385.64
HD,2025-04-20,381.16
HD,2025-04-21,390.18
HD,2025-04-22,386.16
HD,2025-04-23,390.78
HD,2025-04-24,381.49
HD,2025-04-25,382.57
HD,2025-04-26,395.83
HD,2025-04-27,383.63
HD,2025-04-28,390.81
HD,2025-04-29,388.2
HD,2025-04-30,390.56
HD,2025-05-01,390.03
HD,2025-05-02,388.91
HD,2025-05-03,378.69
HD,2025-05-04,387.66
HD,2025-05-05,386.07
HD,2025-05-06,387.98
HD,2025-05-07,381.88
HD,2025-05-08,389.98
HD,2025-05-09,385.1
HD,2025-05-10,395.08
HD,2025-05-11,391.83
HD,2025-05-12,389.02
HD,2025-05-13,383.87
HD,2025-05-14,387.0
HD,2025-05-15,385.82
HD,2025-05-16,389.3
HD,2025-05-17,381.21
HD,2025-05-18,392.63
HD,2025-05-19,386.4
HD,2025-05-20,379.55
HD,2025-05-21,384.92
HD,2025-05-22,386.08
HD,2025-05-23,384.22
HD,2025-05-24,377.15
HD,2025-05-25,390.69
HD,2025-05-26,386.84
HD,2025-05-27,380.43
HD,2025-05-28,384.15
HD,2025-05-29,384.59
HD,2025-05-30,383.41
HD,2025-05-31,392.2
HD,2025-06-01,381.29
HD,2025-06-02,384.38
HD,2025-06-03,380.32
HD,2025-06-04,373.68
HD,2025-06-05,390.1
HD,2025-06-06,391.84
HD,2025-06-07,384.77
HD,2025-06-08,388.61
HD,2025-06-09,372.74
HD,2025-06-10,381.01
HD,2025-06-11,389.66
HD,2025-06-12,396.5
HD,2025-06-13,384.64
CVX,2025-04-15,210.84
CVX,2025-04-16,212.48
CVX,2025-04-17,223.78
CVX,2025-04-18,212.26
CVX,2025-04-19,215.14
CVX,2025-04-20,206.66
CVX,2025-04-21,213.32
CVX,2025-04-22,208.9
CVX,2025-04-23,214.91
CVX,2025-04-24,212.62
CVX,2025-04-25,215.09
CVX,2025-04-26,214.06
CVX,2025-04-27,209.94
CVX,2025-04-28,209.46
CVX,2025-04-29,213.96
CVX,2025-04-30,219.1
CVX,2025-05-01,212.68
CVX,2025-05-02,220.24
CVX,2025-05-03,226.56
CVX,2025-05-04,217.15
CVX,2025-05-05,220.07
CVX,2025-05-06,216.95
CVX,2025-05-07,219.17
CVX,2025-05-08,220.06
CVX,2025-05-09,222.68
CVX,2025-05-10,219.3
CVX,2025-05-11,211.76
CVX,2025-05-12,214.14
CVX,2025-05-13,216.17
CVX,2025-05-14,218.62
CVX,2025-05-15,218.49
CVX,2025-05-16,222.27
CVX,2025-05-17,210.52
CVX,2025-05-18,208.69
CVX,2025-05-19,222.78
CVX,2025-05-20,213.5
CVX,2025-05-21,215.09
CVX,2025-05-22,210.41
CVX,2025-05-23,222.67
CVX,2025-05-24,216.1
CVX,2025-05-25,219.07
CVX,2025-05-26,219.96
CVX,2025-05-27,208.01
CVX,2025-05-28,222.36
CVX,2025-05-29,206.24
CVX,2025-05-30,215.26
CVX,2025-05-31,207.8
CVX,2025-06-01,216.53
CVX,2025-06-02,212.5
CVX,2025-06-03,219.04
CVX,2025-06-04,214.32
CVX,2025-06-05,215.93
CVX,2025-06-06,208.42
CVX,2025-06-07,217.2
CVX,2025-06-08,218.43
CVX,2025-06-09,223.12
CVX,2025-06-10,217.06
CVX,2025-06-11,205.84
CVX,2025-06-12,221.19
CVX,2025-06-13,221.32
LLY,2025-04-15,342.91
LLY,2025-04-16,334.58
LLY,2025-04-17,330.2
LLY,2025-04-18,335.2
LLY,2025-04-19,331.33
LLY,2025-04-20,331.91
LLY,2025-04-21,332.73
LLY,2025-04-22,327.61
LLY,2025-04-23,340.42
LLY,2025-04-24,326.13
LLY,2025-04-25,338.08
LLY,2025-04-26,332.66
LLY,2025-04-27,332.0
LLY,2025-04-28,334.01
LLY,2025-04-29,327.16
LLY,2025-04-30,332.62
LLY,2025-05-01,331.79
LLY,2025-05-02,337.28
LLY,2025-05-03,331.91
LLY,2025-05-04,338.61
LLY,2025-05-05,336.8
LLY,2025-05-06,332.68
LLY,2025-05-07,334.82
LLY,2025-05-08,330.93
LLY,2025-05-09,327.64
LLY,2025-05-10,330.77
LLY,2025-05-11,330.18
LLY,2025-05-12,331.44
LLY,2025-05-13,326.2
LLY,2025-05-14,333.86
LLY,2025-05-15,328.86
LLY,2025-05-16,321.03
LLY,2025-05-17,341.47
LLY,2025-05-18,327.81
LLY,2025-05-19,333.88
LLY,2025-05-20,332.28
LLY,2025-05-21,338.14
LLY,2025-05-22,326.61
LLY,2025-05-23,330.85
LLY,2025-05-24,331.19
LLY,2025-05-25,339.49
LLY,2025-05-26,329.07
LLY,2025-05-27,323.18
LLY,2025-05-28,335.86
LLY,2025-05-29,339.05
LLY,2025-05-30,331.14
LLY,2025-05-31,335.16
LLY,2025-06-01,338.94
LLY,2025-06-02,328.8
LLY,2025-06-03,342.96
LLY,2025-06-04,332.87
LLY,2025-06-05,326.74
LLY,2025-06-06,332.9
LLY,2025-06-07,337.4
LLY,2025-06-08,329.15
LLY,2025-06-09,336.03
LLY,2025-06-10,332.64
LLY,2025-06-11,327.01
LLY,2025-06-12,331.18
LLY,2025-06-13,334.08
PFE,2025-04-15,310.51
PFE,2025-04-16,314.55
PFE,2025-04-17,328.57
PFE,2025-04-18,313.88
PFE,2025-04-19,312.76
PFE,2025-04-20,317.19
PFE,2025-04-21,312.37
PFE,2025-04-22,319.7
PFE,2025-04-23,312.62
PFE,2025-04-24,302.12
PFE,2025-04-25,313.5
PFE,2025-04-26,308.18
PFE,2025-04-27,316.54
PFE,2025-04-28,311.07
PFE,2025-04-29,311.55
PFE,2025-04-30,312.18
PFE,2025-05-01,311.89
PFE,2025-05-02,314.07
PFE,2025-05-03,312.58
PFE,2025-05-04,304.42
PFE,2025-05-05,309.47
PFE,2025-05-06,311.5
PFE,2025-05-07,314.54
PFE,2025-05-08,311.17
PFE,2025-05-09,315.01
PFE,2025-05-10,306.05
PFE,2025-05-11,316.29
PFE,2025-05-12,318.04
PFE,2025-05-13,312.1
PFE,2025-05-14,323.44
PFE,2025-05-15,322.67
PFE,2025-05-16,314.82
PFE,2025-05-17,311.9
PFE,2025-05-18,296.93
PFE,2025-05-19,312.91
PFE,2025-05-20,313.35
PFE,2025-05-21,308.55
PFE,2025-05-22,310.82
PFE,2025-05-23,311.19
PFE,2025-05-24,315.27
PFE,2025-05-25,313.95
PFE,2025-05-26,313.46
PFE,2025-05-27,312.53
PFE,2025-05-28,305.44
PFE,2025-05-29,310.0
PFE,2025-05-30,302.82
PFE,2025-05-31,313.52
PFE,2025-06-01,314.67
PFE,2025-06-02,309.84
PFE,2025-06-03,311.5
PFE,2025-06-04,320.69
PFE,2025-06-05,321.19
PFE,2025-06-06,316.31
PFE,2025-06-07,308.8
PFE,2025-06-08,305.31
PFE,2025-06-09,318.94
PFE,2025-06-10,318.95
PFE,2025-06-11,311.61
PFE,2025-06-12,322.7
PFE,2025-06-13,303.92
ABBV,2025-04-15,268.32
ABBV,2025-04-16,272.98
ABBV,2025-04-17,275.25
ABBV,2025-04-18,275.11
ABBV,2025-04-19,271.83
ABBV,2025-04-20,267.68
ABBV,2025-04-21,275.13
ABBV,2025-04-22,258.04
ABBV,2025-04-23,270.56
ABBV,2025-04-24,272.89
ABBV,2025-04-25,267.9
ABBV,2025-04-26,278.55
ABBV,2025-04-27,269.15
ABBV,2025-04-28,288.55
ABBV,2025-04-29,279.48
ABBV,2025-04-30,268.08
ABBV,2025-05-01,269.84
ABBV,2025-05-02,271.85
ABBV,2025-05-03,267.4
ABBV,2025-05-04,267.25
ABBV,2025-05-05,270.95
ABBV,2025-05-06,274.71
ABBV,2025-05-07,266.94
ABBV,2025-05-08,273.73
ABBV,2025-05-09,273.07
ABBV,2025-05-10,271.39
ABBV,2025-05-11,270.84
ABBV,2025-05-12,265.93
ABBV,2025-05-13,268.46
ABBV,2025-05-14,271.14
ABBV,2025-05-15,273.05
ABBV,2025-05-16,269.41
ABBV,2025-05-17,267.07
ABBV,2025-05-18,273.83
ABBV,2025-05-19,274.84
ABBV,2025-05-20,263.36
ABBV,2025-05-21,281.55
ABBV,2025-05-22,265.24
ABBV,2025-05-23,273.77
ABBV,2025-05-24,271.07
ABBV,2025-05-25,274.77
ABBV,2025-05-26,275.55
ABBV,2025-05-27,269.51
ABBV,2025-05-28,267.01
ABBV,2025-05-29,270.15
ABBV,2025-05-30,271.7
ABBV,2025-05-31,275.9
ABBV,2025-06-01,273.83
ABBV,2025-06-02,267.8
ABBV,2025-06-03,272.7
ABBV,2025-06-04,265.07
ABBV,2025-06-05,278.55
ABBV,2025-06-06,265.26
ABBV,2025-06-07,270.27
ABBV,2025-06-08,270.4
ABBV,2025-06-09,266.64
ABBV,2025-06-10,274.86
ABBV,2025-06-11,268.14
ABBV,2025-06-12,268.19
ABBV,2025-06-13,270.11
KO,2025-04-15,408.19
KO,2025-04-16,408.59
KO,2025-04-17,400.75
KO,2025-04-18,404.89
KO,2025-04-19,408.46
KO,2025-04-20,396.06
KO,2025-04-21,408.11
KO,2025-04-22,404.04
KO,2025-04-23,413.48
KO,2025-04-24,406.91
KO,2025-04-25,402.05
KO,2025-04-26,404.64
KO,2025-04-27,404.94
KO,2025-04-28,401.24
KO,2025-04-29,393.94
KO,2025-04-30,402.48
KO,2025-05-01,401.92
KO,2025-05-02,393.62
KO,2025-05-03,413.42
KO,2025-05-04,401.78
KO,2025-05-05,405.06
KO,2025-05-06,412.01
KO,2025-05-07,406.09
KO,2025-05-08,390.59
KO,2025-05-09,404.24
KO,2025-05-10,407.07
KO,2025-05-11,409.8
KO,2025-05-12,406.46
KO,2025-05-13,398.29
KO,2025-05-14,404.98
KO,2025-05-15,403.25
KO,2025-05-16,396.34
KO,2025-05-17,397.84
KO,2025-05-18,393.08
KO,2025-05-19,396.98
KO,2025-05-20,407.63
KO,2025-05-21,393.37
KO,2025-05-22,401.91
KO,2025-05-23,399.99
KO,2025-05-24,406.21
KO,2025-05-25,405.07
KO,2025-05-26,404.33
KO,2025-05-27,409.55
KO,2025-05-28,403.07
KO,2025-05-29,396.79
KO,2025-05-30,407.01
KO,2025-05-31,405.01
KO,2025-06-01,396.42
KO,2025-06-02,400.37
KO,2025-06-03,407.53
KO,2025-06-04,402.15
KO,2025-06-05,398.79
KO,2025-06-06,400.45
KO,2025-06-07,398.76
KO,2025-06-08,400.22
KO,2025-06-09,403.97
KO,2025-06-10,401.28
KO,2025-06-11,402.92
KO,2025-06-12,403.89
KO,2025-06-13,411.56
MRK,2025-04-15,208.51
MRK,2025-04-16,212.12
MRK,2025-04-17,218.04
MRK,2025-04-18,212.26
MRK,2025-04-19,214.65
MRK,2025-04-20,216.62
MRK,2025-04-21,206.14
MRK,2025-04-22,218.95
MRK,2025-04-23,211.6
MRK,2025-04-24,209.98
MRK,2025-04-25,205.57
MRK,2025-04-26,210.15
MRK,2025-04-27,209.75
MRK,2025-04-28,212.01
MRK,2025-04-29,219.17
MRK,2025-04-30,208.18
MRK,2025-05-01,211.43
MRK,2025-05-02,221.81
MRK,2025-05-03,213.92
MRK,2025-05-04,206.6
MRK,2025-05-05,219.27
MRK,2025-05-06,200.36
MRK,2025-05-07,208.52
MRK,2025-05-08,213.67
MRK,2025-05-09,207.39
MRK,2025-05-10,211.93
MRK,2025-05-11,213.46
MRK,2025-05-12,218.87
MRK,2025-05-13,215.48
MRK,2025-05-14,216.48
MRK,2025-05-15,210.1
MRK,2025-05-16,210.15
MRK,2025-05-17,214.38
MRK,2025-05-18,213.81
MRK,2025-05-19,222.3
MRK,2025-05-20,219.36
MRK,2025-05-21,211.44
MRK,2025-05-22,218.51
MRK,2025-05-23,208.8
MRK,2025-05-24,217.49
MRK,2025-05-25,217.91
MRK,2025-05-26,212.19
MRK,2025-05-27,212.61
MRK,2025-05-28,215.87
MRK,2025-05-29,218.72
MRK,2025-05-30,216.26
MRK,2025-05-31,218.89
MRK,2025-06-01,208.81
MRK,2025-06-02,215.86
MRK,2025-06-03,222.07
MRK,2025-06-04,214.6
MRK,2025-06-05,217.27
MRK,2025-06-06,212.88
MRK,2025-06-07,213.21
MRK,2025-06-08,209.63
MRK,2025-06-09,209.11
MRK,2025-06-10,215.96
MRK,2025-06-11,206.39
MRK,2025-06-12,213.04
MRK,2025-06-13,209.95
PEP,2025-04-15,173.2
PEP,2025-04-16,174.52
PEP,2025-04-17,179.04
PEP,2025-04-18,171.44
PEP,2025-04-19,174.35
PEP,2025-04-20,171.64
PEP,2025-04-21,179.28
PEP,2025-04-22,167.21
PEP,2025-04-23,176.22
PEP,2025-04-24,166.85
PEP,2025-04-25,176.81
PEP,2025-04-26,180.81
PEP,2025-04-27,166.18
PEP,2025-04-28,183.3
PEP,2025-04-29,183.9
PEP,2025-04-30,177.0
PEP,2025-05-01,175.73
PEP,2025-05-02,176.31
PEP,2025-05-03,171.33
PEP,2025-05-04,170.84
PEP,2025-05-05,173.2
PEP,2025-05-06,171.08
PEP,2025-05-07,177.78
PEP,2025-05-08,167.53
PEP,2025-05-09,167.3
PEP,2025-05-10,181.85
PEP,2025-05-11,172.96
PEP,2025-05-12,172.45
PEP,2025-05-13,186.15
PEP,2025-05-14,168.3
PEP,2025-05-15,162.35
PEP,2025-05-16,177.09
PEP,2025-05-17,179.52
PEP,2025-05-18,177.13
PEP,2025-05-19,169.02
PEP,2025-05-20,184.25
PEP,2025-05-21,176.72
PEP,2025-05-22,170.58
PEP,2025-05-23,167.47
PEP,2025-05-24,178.7
PEP,2025-05-25,171.6
PEP,2025-05-26,177.16
PEP,2025-05-27,176.54
PEP,2025-05-28,170.91
PEP,2025-05-29,167.64
PEP,2025-05-30,175.71
PEP,2025-05-31,171.18
PEP,2025-06-01,168.34
PEP,2025-06-02,177.62
PEP,2025-06-03,176.97
PEP,2025-06-04,178.51
PEP,2025-06-05,168.14
PEP,2025-06-06,174.87
PEP,2025-06-07,177.91
PEP,2025-06-08,182.97
PEP,2025-06-09,177.83
PEP,2025-06-10,184.14
PEP,2025-06-11,165.43
PEP,2025-06-12,165.69
PEP,2025-06-13,174.12
DIS,2025-04-15,349.7
DIS,2025-04-16,354.85
DIS,2025-04-17,358.89
DIS,2025-04-18,362.18
DIS,2025-04-19,355.99
DIS,2025-04-20,345.85
DIS,2025-04-21,348.28
DIS,2025-04-22,357.04
DIS,2025-04-23,359.27
DIS,2025-04-24,352.82
DIS,2025-04-25,347.97
DIS,2025-04-26,355.87
DIS,2025-04-27,348.1
DIS,2025-04-28,357.68
DIS,2025-04-29,359.45
DIS,2025-04-30,350.26
DIS,2025-05-01,359.41
DIS,2025-05-02,355.55
DIS,2025-05-03,352.61
DIS,2025-05-04,352.04
DIS,2025-05-05,351.29
DIS,2025-05-06,357.51
DIS,2025-05-07,355.13
DIS,2025-05-08,350.89
DIS,2025-05-09,350.36
DIS,2025-05-10,354.94
DIS,2025-05-11,356.83
DIS,2025-05-12,346.88
DIS,2025-05-13,343.78
DIS,2025-05-14,358.45
DIS,2025-05-15,357.8
DIS,2025-05-16,361.5
DIS,2025-05-17,351.31
DIS,2025-05-18,352.43
DIS,2025-05-19,362.26
DIS,2025-05-20,360.38
DIS,2025-05-21,352.58
DIS,2025-05-22,349.38
DIS,2025-05-23,346.26
DIS,2025-05-24,361.19
DIS,2025-05-25,364.78
DIS,2025-05-26,354.87
DIS,2025-05-27,365.54
DIS,2025-05-28,364.87
DIS,2025-05-29,360.46
DIS,2025-05-30,359.36
DIS,2025-05-31,358.7
DIS,2025-06-01,355.99
DIS,2025-06-02,358.08
DIS,2025-06-03,353.65
DIS,2025-06-04,361.08
DIS,2025-06-05,351.02
DIS,2025-06-06,346.13
DIS,2025-06-07,357.83
DIS,2025-06-08,356.28
DIS,2025-06-09,346.81
DIS,2025-06-10,348.97
DIS,2025-06-11,352.56
DIS,2025-06-12,355.64
DIS,2025-06-13,359.42
BAC,2025-04-15,105.33
BAC,2025-04-16,104.44
BAC,2025-04-17,104.87
BAC,2025-04-18,103.24
BAC,2025-04-19,96.56
BAC,2025-04-20,109.44
BAC,2025-04-21,106.41
BAC,2025-04-22,106.53
BAC,2025-04-23,102.96
BAC,2025-04-24,95.47
BAC,2025-04-25,105.59
BAC,2025-04-26,104.13
BAC,2025-04-27,100.01
BAC,2025-04-28,100.01
BAC,2025-04-29,106.82
BAC,2025-04-30,106.42
BAC,2025-05-01,97.7
BAC,2025-05-02,101.19
BAC,2025-05-03,95.64
BAC,2025-05-04,105.1
BAC,2025-05-05,98.37
BAC,2025-05-06,106.82
BAC,2025-05-07,93.36
BAC,2025-05-08,107.15
BAC,2025-05-09,93.66
BAC,2025-05-10,108.4
BAC,2025-05-11,99.12
BAC,2025-05-12,112.26
BAC,2025-05-13,98.93
BAC,2025-05-14,94.1
BAC,2025-05-15,101.91
BAC,2025-05-16,101.88
BAC,2025-05-17,89.0
BAC,2025-05-18,107.65
BAC,2025-05-19,93.22
BAC,2025-05-20,107.03
BAC,2025-05-21,94.57
BAC,2025-05-22,107.0
BAC,2025-05-23,104.07
BAC,2025-05-24,98.95
BAC,2025-05-25,86.12
BAC,2025-05-26,103.21
BAC,2025-05-27,87.63
BAC,2025-05-28,106.39
BAC,2025-05-29,101.77
BAC,2025-05-30,94.17
BAC,2025-05-31,92.64
BAC,2025-06-01,100.31
BAC,2025-06-02,93.39
BAC,2025-06-03,111.2
BAC,2025-06-04,98.55
BAC,2025-06-05,103.01
BAC,2025-06-06,102.03
BAC,2025-06-07,102.25
BAC,2025-06-08,107.34
BAC,2025-06-09,104.39
BAC,2025-06-10,118.49
BAC,2025-06-11,100.29
BAC,2025-06-12,99.85
BAC,2025-06-13,103.05
VZ,2025-04-15,189.88
VZ,2025-04-16,187.1
VZ,2025-04-17,191.73
VZ,2025-04-18,180.81
VZ,2025-04-19,177.58
VZ,2025-04-20,184.41
VZ,2025-04-21,193.87
VZ,2025-04-22,181.26
VZ,2025-04-23,186.8
VZ,2025-04-24,192.81
VZ,2025-04-25,184.66
VZ,2025-04-26,184.07
VZ,2025-04-27,189.36
VZ,2025-04-28,183.95
VZ,2025-04-29,184.42
VZ,2025-04-30,189.61
VZ,2025-05-01,191.51
VZ,2025-05-02,188.07
VZ,2025-05-03,194.55
VZ,2025-05-04,180.77
VZ,2025-05-05,195.75
VZ,2025-05-06,183.21
VZ,2025-05-07,185.89
VZ,2025-05-08,193.16
VZ,2025-05-09,184.45
VZ,2025-05-10,190.22
VZ,2025-05-11,186.9
VZ,2025-05-12,189.7
VZ,2025-05-13,178.62
VZ,2025-05-14,184.37
VZ,2025-05-15,191.23
VZ,2025-05-16,184.75
VZ,2025-05-17,186.27
VZ,2025-05-18,188.13
VZ,2025-05-19,183.54
VZ,2025-05-20,199.88
VZ,2025-05-21,191.67
VZ,2025-05-22,176.96
VZ,2025-05-23,187.0
VZ,2025-05-24,182.6
VZ,2025-05-25,188.97
VZ,2025-05-26,188.76
VZ,2025-05-27,189.22
VZ,2025-05-28,185.7
VZ,2025-05-29,195.23
VZ,2025-05-30,184.89
VZ,2025-05-31,188.73
VZ,2025-06-01,187.51
VZ,2025-06-02,192.89
VZ,2025-06-03,180.49
VZ,2025-06-04,186.69
VZ,2025-06-05,185.99
VZ,2025-06-06,201.41
VZ,2025-06-07,185.59
VZ,2025-06-08,183.54
VZ,2025-06-09,181.92
VZ,2025-06-10,189.76
VZ,2025-06-11,196.34
VZ,2025-06-12,188.73
VZ,2025-06-13,183.92
ADBE,2025-04-15,305.78
ADBE,2025-04-16,317.15
ADBE,2025-04-17,299.2
ADBE,2025-04-18,300.62
ADBE,2025-04-19,303.25
ADBE,2025-04-20,317.13
ADBE,2025-04-21,311.13
ADBE,2025-04-22,297.43
ADBE,2025-04-23,310.11
ADBE,2025-04-24,310.42
ADBE,2025-04-25,297.26
ADBE,2025-04-26,307.86
ADBE,2025-04-27,307.67
ADBE,2025-04-28,303.55
ADBE,2025-04-29,306.94
ADBE,2025-04-30,308.94
ADBE,2025-05-01,304.28
ADBE,2025-05-02,303.89
ADBE,2025-05-03,306.44
ADBE,2025-05-04,311.44
ADBE,2025-05-05,308.85
ADBE,2025-05-06,300.43
ADBE,2025-05-07,311.41
ADBE,2025-05-08,311.77
ADBE,2025-05-09,312.79
ADBE,2025-05-10,306.43
ADBE,2025-05-11,305.18
ADBE,2025-05-12,299.3
ADBE,2025-05-13,311.5
ADBE,2025-05-14,310.06
ADBE,2025-05-15,307.66
ADBE,2025-05-16,304.25
ADBE,2025-05-17,307.45
ADBE,2025-05-18,292.53
ADBE,2025-05-19,311.58
ADBE,2025-05-20,304.31
ADBE,2025-05-21,306.61
ADBE,2025-05-22,306.75
ADBE,2025-05-23,304.92
ADBE,2025-05-24,305.73
ADBE,2025-05-25,306.68
ADBE,2025-05-26,314.39
ADBE,2025-05-27,312.46
ADBE,2025-05-28,294.8
ADBE,2025-05-29,304.6
ADBE,2025-05-30,317.17
ADBE,2025-05-31,298.04
ADBE,2025-06-01,303.83
ADBE,2025-06-02,298.91
ADBE,2025-06-03,294.74
ADBE,2025-06-04,316.19
ADBE,2025-06-05,297.94
ADBE,2025-06-06,309.77
ADBE,2025-06-07,306.7
ADBE,2025-06-08,306.14
ADBE,2025-06-09,303.37
ADBE,2025-06-10,296.8
ADBE,2025-06-11,303.31
ADBE,2025-06-12,309.41
ADBE,2025-06-13,305.55
CSCO,2025-04-15,342.7
CSCO,2025-04-16,341.46
CSCO,2025-04-17,336.72
CSCO,2025-04-18,346.33
CSCO,2025-04-19,341.35
CSCO,2025-04-20,340.96
CSCO,2025-04-21,333.12
CSCO,2025-04-22,350.62
CSCO,2025-04-23,339.19
CSCO,2025-04-24,351.28
CSCO,2025-04-25,345.01
CSCO,2025-04-26,339.06
CSCO,2025-04-27,345.47
CSCO,2025-04-28,337.63
CSCO,2025-04-29,342.64
CSCO,2025-04-30,343.56
CSCO,2025-05-01,342.14
CSCO,2025-05-02,347.2
CSCO,2025-05-03,338.42
CSCO,2025-05-04,337.61
CSCO,2025-05-05,346.6
CSCO,2025-05-06,333.19
CSCO,2025-05-07,336.09
CSCO,2025-05-08,333.61
CSCO,2025-05-09,331.88
CSCO,2025-05-10,340.06
CSCO,2025-05-11,336.69
CSCO,2025-05-12,339.75
CSCO,2025-05-13,338.9
CSCO,2025-05-14,340.6
CSCO,2025-05-15,341.89
CSCO,2025-05-16,333.7
CSCO,2025-05-17,344.16
CSCO,2025-05-18,340.45
CSCO,2025-05-19,338.76
CSCO,2025-05-20,343.09
CSCO,2025-05-21,339.38
CSCO,2025-05-22,339.57
CSCO,2025-05-23,345.45
CSCO,2025-05-24,335.61
CSCO,2025-05-25,344.84
CSCO,2025-05-26,339.18
CSCO,2025-05-27,339.27
CSCO,2025-05-28,336.87
CSCO,2025-05-29,342.92
CSCO,2025-05-30,340.89
CSCO,2025-05-31,349.67
CSCO,2025-06-01,336.51
CSCO,2025-06-02,350.14
CSCO,2025-06-03,336.46
CSCO,2025-06-04,342.9
CSCO,2025-06-05,343.55
CSCO,2025-06-06,342.22
CSCO,2025-06-07,341.64
CSCO,2025-06-08,346.6
CSCO,2025-06-09,335.88
CSCO,2025-06-10,336.68
CSCO,2025-06-11,343.04
CSCO,2025-06-12,351.53
CSCO,2025-06-13,340.33
NFLX,2025-04-15,401.86
NFLX,2025-04-16,404.22
NFLX,2025-04-17,402.86
NFLX,2025-04-18,396.7
NFLX,2025-04-19,404.86
NFLX,2025-04-20,395.08
NFLX,2025-04-21,396.47
NFLX,2025-04-22,405.11
NFLX,2025-04-23,397.31
NFLX,2025-04-24,401.07
NFLX,2025-04-25,399.53
NFLX,2025-04-26,405.85
NFLX,2025-04-27,395.62
NFLX,2025-04-28,404.8
NFLX,2025-04-29,400.02
NFLX,2025-04-30,402.44
NFLX,2025-05-01,409.92
NFLX,2025-05-02,402.1
NFLX,2025-05-03,399.74
NFLX,2025-05-04,397.58
NFLX,2025-05-05,400.23
NFLX,2025-05-06,396.65
NFLX,2025-05-07,401.61
NFLX,2025-05-08,409.2
NFLX,2025-05-09,403.77
NFLX,2025-05-10,398.45
NFLX,2025-05-11,394.47
NFLX,2025-05-12,398.52
NFLX,2025-05-13,409.4
NFLX,2025-05-14,400.67
NFLX,2025-05-15,404.55
NFLX,2025-05-16,412.42
NFLX,2025-05-17,407.95
NFLX,2025-05-18,404.88
NFLX,2025-05-19,394.99
NFLX,2025-05-20,407.11
NFLX,2025-05-21,401.85
NFLX,2025-05-22,393.23
NFLX,2025-05-23,405.14
NFLX,2025-05-24,412.4
NFLX,2025-05-25,390.88
NFLX,2025-05-26,408.91
NFLX,2025-05-27,404.43
NFLX,2025-05-28,401.81
NFLX,2025-05-29,405.97
NFLX,2025-05-30,398.69
NFLX,2025-05-31,411.18
NFLX,2025-06-01,409.55
NFLX,2025-06-02,399.47
NFLX,2025-06-03,391.74
NFLX,2025-06-04,404.24
NFLX,2025-06-05,396.03
NFLX,2025-06-06,396.28
NFLX,2025-06-07,403.83
NFLX,2025-06-08,406.49
NFLX,2025-06-09,407.49
NFLX,2025-06-10,414.3
NFLX,2025-06-11,397.3
NFLX,2025-06-12,396.29
NFLX,2025-06-13,401.77
INTC,2025-04-15,454.74
INTC,2025-04-16,463.22
INTC,2025-04-17,464.09
INTC,2025-04-18,459.48
INTC,2025-04-19,454.08
INTC,2025-04-20,465.09
INTC,2025-04-21,466.8
INTC,2025-04-22,458.74
INTC,2025-04-23,471.17
INTC,2025-04-24,451.92
INTC,2025-04-25,456.67
INTC,2025-04-26,458.16
INTC,2025-04-27,464.2
INTC,2025-04-28,454.8
INTC,2025-04-29,454.85
INTC,2025-04-30,456.71
INTC,2025-05-01,452.19
INTC,2025-05-02,455.45
INTC,2025-05-03,455.63
INTC,2025-05-04,458.1
INTC,2025-05-05,455.3
INTC,2025-05-06,466.35
INTC,2025-05-07,462.13
INTC,2025-05-08,457.79
INTC,2025-05-09,455.69
INTC,2025-05-10,451.63
INTC,2025-05-11,459.38
INTC,2025-05-12,457.7
INTC,2025-05-13,460.49
INTC,2025-05-14,466.82
INTC,2025-05-15,465.79
INTC,2025-05-16,453.93
INTC,2025-05-17,445.92
INTC,2025-05-18,451.13
INTC,2025-05-19,461.57
INTC,2025-05-20,454.64
INTC,2025-05-21,461.79
INTC,2025-05-22,450.62
INTC,2025-05-23,460.37
INTC,2025-05-24,467.15
INTC,2025-05-25,464.41
INTC,2025-05-26,462.94
INTC,2025-05-27,453.61
INTC,2025-05-28,447.65
INTC,2025-05-29,456.26
INTC,2025-05-30,452.2
INTC,2025-05-31,458.84
INTC,2025-06-01,461.47
INTC,2025-06-02,454.88
INTC,2025-06-03,460.88
INTC,2025-06-04,463.33
INTC,2025-06-05,462.18
INTC,2025-06-06,461.85
INTC,2025-06-07,457.36
INTC,2025-06-08,457.92
INTC,2025-06-09,457.76
INTC,2025-06-10,462.08
INTC,2025-06-11,461.51
INTC,2025-06-12,456.98
INTC,2025-06-13,458.07
CRM,2025-04-15,373.01
CRM,2025-04-16,372.9
CRM,2025-04-17,386.05
CRM,2025-04-18,376.45
CRM,2025-04-19,378.26
CRM,2025-04-20,375.48
CRM,2025-04-21,384.72
CRM,2025-04-22,378.11
CRM,2025-04-23,373.65
CRM,2025-04-24,373.3
CRM,2025-04-25,372.97
CRM,2025-04-26,375.64
CRM,2025-04-27,374.13
CRM,2025-04-28,373.05
CRM,2025-04-29,380.86
CRM,2025-04-30,371.05
CRM,2025-05-01,368.75
CRM,2025-05-02,373.6
CRM,2025-05-03,375.49
CRM,2025-05-04,371.15
CRM,2025-05-05,372.01
CRM,2025-05-06,367.7
CRM,2025-05-07,369.83
CRM,2025-05-08,372.49
CRM,2025-05-09,368.04
CRM,2025-05-10,375.19
CRM,2025-05-11,376.64
CRM,2025-05-12,367.09
CRM,2025-05-13,377.39
CRM,2025-05-14,377.84
CRM,2025-05-15,375.22
CRM,2025-05-16,374.16
CRM,2025-05-17,373.96
CRM,2025-05-18,365.91
CRM,2025-05-19,372.29
CRM,2025-05-20,374.17
CRM,2025-05-21,373.74
CRM,2025-05-22,372.24
CRM,2025-05-23,376.82
CRM,2025-05-24,372.04
CRM,2025-05-25,368.56
CRM,2025-05-26,375.26
CRM,2025-05-27,375.95
CRM,2025-05-28,376.11
CRM,2025-05-29,379.61
CRM,2025-05-30,376.31
CRM,2025-05-31,367.14
CRM,2025-06-01,372.26
CRM,2025-06-02,375.24
CRM,2025-06-03,364.44
CRM,2025-06-04,375.85
CRM,2025-06-05,374.96
CRM,2025-06-06,366.66
CRM,2025-06-07,372.73
CRM,2025-06-08,380.23
CRM,2025-06-09,374.06
CRM,2025-06-10,377.36
CRM,2025-06-11,376.38
CRM,2025-06-12,375.98
CRM,2025-06-13,372.72
ORCL,2025-04-15,155.67
ORCL,2025-04-16,154.17
ORCL,2025-04-17,163.67
ORCL,2025-04-18,167.39
ORCL,2025-04-19,161.6
ORCL,2025-04-20,170.35
ORCL,2025-04-21,157.48
ORCL,2025-04-22,150.59
ORCL,2025-04-23,158.26
ORCL,2025-04-24,159.61
ORCL,2025-04-25,154.44
ORCL,2025-04-26,164.28
ORCL,2025-04-27,148.52
ORCL,2025-04-28,170.99
ORCL,2025-04-29,156.54
ORCL,2025-04-30,157.13
ORCL,2025-05-01,160.34
ORCL,2025-05-02,156.28
ORCL,2025-05-03,149.42
ORCL,2025-05-04,157.94
ORCL,2025-05-05,159.78
ORCL,2025-05-06,159.04
ORCL,2025-05-07,163.11
ORCL,2025-05-08,157.98
ORCL,2025-05-09,164.2
ORCL,2025-05-10,156.71
ORCL,2025-05-11,156.3
ORCL,2025-05-12,164.01
ORCL,2025-05-13,159.23
ORCL,2025-05-14,148.4
ORCL,2025-05-15,157.93
ORCL,2025-05-16,158.19
ORCL,2025-05-17,162.96
ORCL,2025-05-18,161.4
ORCL,2025-05-19,165.2
ORCL,2025-05-20,163.37
ORCL,2025-05-21,160.68
ORCL,2025-05-22,154.59
ORCL,2025-05-23,166.93
ORCL,2025-05-24,161.31
ORCL,2025-05-25,167.76
ORCL,2025-05-26,158.11
ORCL,2025-05-27,157.35
ORCL,2025-05-28,149.89
ORCL,2025-05-29,158.78
ORCL,2025-05-30,162.85
ORCL,2025-05-31,155.49
ORCL,2025-06-01,160.53
ORCL,2025-06-02,155.34
ORCL,2025-06-03,165.27
ORCL,2025-06-04,151.28
ORCL,2025-06-05,157.27
ORCL,2025-06-06,163.19
ORCL,2025-06-07,156.79
ORCL,2025-06-08,157.42
ORCL,2025-06-09,159.39
ORCL,2025-06-10,158.91
ORCL,2025-06-11,154.15
ORCL,2025-06-12,160.71
ORCL,2025-06-13,154.28
T,2025-04-15,191.48
T,2025-04-16,197.31
T,2025-04-17,194.79
T,2025-04-18,196.65
T,2025-04-19,191.07
T,2025-04-20,195.39
T,2025-04-21,199.55
T,2025-04-22,197.05
T,2025-04-23,190.53
T,2025-04-24,188.49
T,2025-04-25,194.83
T,2025-04-26,190.25
T,2025-04-27,188.36
T,2025-04-28,197.95
T,2025-04-29,202.58
T,2025-04-30,187.19
T,2025-05-01,194.55
T,2025-05-02,199.74
T,2025-05-03,191.85
T,2025-05-04,190.34
T,2025-05-05,203.58
T,2025-05-06,190.52
T,2025-05-07,190.15
T,2025-05-08,187.58
T,2025-05-09,190.22
T,2025-05-10,194.28
T,2025-05-11,187.94
T,2025-05-12,184.88
T,2025-05-13,190.28
T,2025-05-14,205.53
T,2025-05-15,197.47
T,2025-05-16,201.11
T,2025-05-17,193.37
T,2025-05-18,186.51
T,2025-05-19,194.96
T,2025-05-20,192.37
T,2025-05-21,185.15
T,2025-05-22,193.11
T,2025-05-23,200.24
T,2025-05-24,181.54
T,2025-05-25,200.63
T,2025-05-26,195.56
T,2025-05-27,194.72
T,2025-05-28,188.68
T,2025-05-29,191.97
T,2025-05-30,194.03
T,2025-05-31,194.0
T,2025-06-01,194.88
T,2025-06-02,192.79
T,2025-06-03,188.23
T,2025-06-04,198.36
T,2025-06-05,195.16
T,2025-06-06,180.58
T,2025-06-07,196.04
T,2025-06-08,191.58
T,2025-06-09,184.34
T,2025-06-10,192.71
T,2025-06-11,185.69
T,2025-06-12,194.33
T,2025-06-13,190.14
NKE,2025-04-15,332.2
NKE,2025-04-16,334.48
NKE,2025-04-17,332.03
NKE,2025-04-18,332.67
NKE,2025-04-19,332.51
NKE,2025-04-20,330.36
NKE,2025-04-21,340.39
NKE,2025-04-22,327.85
NKE,2025-04-23,332.17
NKE,2025-04-24,340.04
NKE,2025-04-25,337.59
NKE,2025-04-26,331.35
NKE,2025-04-27,325.93
NKE,2025-04-28,329.08
NKE,2025-04-29,326.61
NKE,2025-04-30,333.17
NKE,2025-05-01,326.31
NKE,2025-05-02,327.77
NKE,2025-05-03,326.64
NKE,2025-05-04,334.83
NKE,2025-05-05,325.52
NKE,2025-05-06,340.38
NKE,2025-05-07,330.6
NKE,2025-05-08,338.59
NKE,2025-05-09,331.63
NKE,2025-05-10,338.05
NKE,2025-05-11,336.35
NKE,2025-05-12,332.92
NKE,2025-05-13,335.32
NKE,2025-05-14,340.94
NKE,2025-05-15,334.18
NKE,2025-05-16,338.1
NKE,2025-05-17,333.49
NKE,2025-05-18,323.67
NKE,2025-05-19,322.6
NKE,2025-05-20,337.78
NKE,2025-05-21,330.75
NKE,2025-05-22,324.77
NKE,2025-05-23,326.6
NKE,2025-05-24,317.73
NKE,2025-05-25,339.02
NKE,2025-05-26,327.61
NKE,2025-05-27,330.24
NKE,2025-05-28,333.63
NKE,2025-05-29,333.14
NKE,2025-05-30,330.19
NKE,2025-05-31,327.34
NKE,2025-06-01,334.07
NKE,2025-06-02,328.9
NKE,2025-06-03,339.97
NKE,2025-06-04,338.64
NKE,2025-06-05,328.2
NKE,2025-06-06,335.31
NKE,2025-06-07,329.01
NKE,2025-06-08,336.31
NKE,2025-06-09,324.75
NKE,2025-06-10,335.52
NKE,2025-06-11,340.04
NKE,2025-06-12,338.11
NKE,2025-06-13,334.47
WMT,2025-04-15,342.78
WMT,2025-04-16,333.35
WMT,2025-04-17,340.76
WMT,2025-04-18,349.56
WMT,2025-04-19,341.85
WMT,2025-04-20,348.69
WMT,2025-04-21,333.47
WMT,2025-04-22,339.64
WMT,2025-04-23,345.59
WMT,2025-04-24,341.53
WMT,2025-04-25,337.77
WMT,2025-04-26,351.79
WMT,2025-04-27,346.7
WMT,2025-04-28,346.11
WMT,2025-04-29,347.94
WMT,2025-04-30,339.79
WMT,2025-05-01,349.69
WMT,2025-05-02,351.57
WMT,2025-05-03,348.99
WMT,2025-05-04,349.67
WMT,2025-05-05,349.06
WMT,2025-05-06,348.61
WMT,2025-05-07,342.76
WMT,2025-05-08,336.06
WMT,2025-05-09,348.76
WMT,2025-05-10,342.76
WMT,2025-05-11,349.0
WMT,2025-05-12,336.94
WMT,2025-05-13,334.16
WMT,2025-05-14,345.36
WMT,2025-05-15,350.71
WMT,2025-05-16,343.73
WMT,2025-05-17,348.62
WMT,2025-05-18,340.84
WMT,2025-05-19,346.85
WMT,2025-05-20,350.66
WMT,2025-05-21,335.93
WMT,2025-05-22,345.82
WMT,2025-05-23,350.92
WMT,2025-05-24,341.02
WMT,2025-05-25,341.65
WMT,2025-05-26,341.14
WMT,2025-05-27,337.85
WMT,2025-05-28,337.44
WMT,2025-05-29,335.54
WMT,2025-05-30,344.7
WMT,2025-05-31,340.0
WMT,2025-06-01,345.59
WMT,2025-06-02,341.52
WMT,2025-06-03,342.91
WMT,2025-06-04,343.49
WMT,2025-06-05,348.78
WMT,2025-06-06,348.14
WMT,2025-06-07,348.88
WMT,2025-06-08,339.98
WMT,2025-06-09,349.68
WMT,2025-06-10,340.52
WMT,2025-06-11,350.92
WMT,2025-06-12,351.35
WMT,2025-06-13,342.85
MCD,2025-04-15,265.89
MCD,2025-04-16,277.64
MCD,2025-04-17,269.17
MCD,2025-04-18,266.01
MCD,2025-04-19,265.11
MCD,2025-04-20,261.89
MCD,2025-04-21,268.66
MCD,2025-04-22,273.07
MCD,2025-04-23,272.64
MCD,2025-04-24,263.98
MCD,2025-04-25,261.16
MCD,2025-04-26,259.07
MCD,2025-04-27,270.23
MCD,2025-04-28,267.37
MCD,2025-04-29,276.32
MCD,2025-04-30,259.84
MCD,2025-05-01,257.87
MCD,2025-05-02,264.92
MCD,2025-05-03,268.0
MCD,2025-05-04,278.95
MCD,2025-05-05,270.67
MCD,2025-05-06,263.0
MCD,2025-05-07,270.65
MCD,2025-05-08,272.01
MCD,2025-05-09,264.3
MCD,2025-05-10,266.48
MCD,2025-05-11,272.13
MCD,2025-05-12,262.98
MCD,2025-05-13,269.75
MCD,2025-05-14,269.84
MCD,2025-05-15,264.66
MCD,2025-05-16,256.23
MCD,2025-05-17,273.24
MCD,2025-05-18,267.35
MCD,2025-05-19,264.29
MCD,2025-05-20,272.02
MCD,2025-05-21,269.91
MCD,2025-05-22,262.23
MCD,2025-05-23,260.81
MCD,2025-05-24,268.64
MCD,2025-05-25,274.09
MCD,2025-05-26,276.59
MCD,2025-05-27,275.19
MCD,2025-05-28,265.93
MCD,2025-05-29,266.17
MCD,2025-05-30,260.33
MCD,2025-05-31,267.03
MCD,2025-06-01,262.38
MCD,2025-06-02,273.02
MCD,2025-06-03,267.92
MCD,2025-06-04,261.24
MCD,2025-06-05,272.48
MCD,2025-06-06,268.41
MCD,2025-06-07,267.06
MCD,2025-06-08,265.15
MCD,2025-06-09,267.16
MCD,2025-06-10,260.38
MCD,2025-06-11,265.66
MCD,2025-06-12,272.36
MCD,2025-06-13,252.43
IBM,2025-04-15,336.8
IBM,2025-04-16,336.56
IBM,2025-04-17,342.89
IBM,2025-04-18,339.61
IBM,2025-04-19,350.32
IBM,2025-04-20,345.19
IBM,2025-04-21,340.96
IBM,2025-04-22,341.51
IBM,2025-04-23,343.93
IBM,2025-04-24,336.38
IBM,2025-04-25,345.9
IBM,2025-04-26,341.99
IBM,2025-04-27,342.09
IBM,2025-04-28,337.56
IBM,2025-04-29,346.11
IBM,2025-04-30,345.35
IBM,2025-05-01,339.0
IBM,2025-05-02,342.31
IBM,2025-05-03,344.09
IBM,2025-05-04,357.1
IBM,2025-05-05,343.63
IBM,2025-05-06,341.79
IBM,2025-05-07,338.52
IBM,2025-05-08,346.28
IBM,2025-05-09,340.29
IBM,2025-05-10,341.07
IBM,2025-05-11,342.12
IBM,2025-05-12,341.97
IBM,2025-05-13,345.66
IBM,2025-05-14,341.75
IBM,2025-05-15,329.59
IBM,2025-05-16,337.39
IBM,2025-05-17,345.08
IBM,2025-05-18,346.99
IBM,2025-05-19,337.37
IBM,2025-05-20,342.2
IBM,2025-05-21,341.31
IBM,2025-05-22,343.7
IBM,2025-05-23,346.37
IBM,2025-05-24,346.77
IBM,2025-05-25,341.31
IBM,2025-05-26,336.62
IBM,2025-05-27,353.27
IBM,2025-05-28,339.55
IBM,2025-05-29,335.21
IBM,2025-05-30,338.71
IBM,2025-05-31,339.63
IBM,2025-06-01,340.68
IBM,2025-06-02,338.74
IBM,2025-06-03,343.55
IBM,2025-06-04,334.7
IBM,2025-06-05,340.7
IBM,2025-06-06,343.13
IBM,2025-06-07,356.67
IBM,2025-06-08,345.2
IBM,2025-06-09,343.69
IBM,2025-06-10,339.0
IBM,2025-06-11,335.21
IBM,2025-06-12,347.49
IBM,2025-06-13,343.84
QCOM,2025-04-15,278.61
QCOM,2025-04-16,287.43
QCOM,2025-04-17,275.46
QCOM,2025-04-18,286.03
QCOM,2025-04-19,291.99
QCOM,2025-04-20,281.19
QCOM,2025-04-21,286.86
QCOM,2025-04-22,285.4
QCOM,2025-04-23,283.36
QCOM,2025-04-24,286.76
QCOM,2025-04-25,281.36
QCOM,2025-04-26,278.09
QCOM,2025-04-27,291.7
QCOM,2025-04-28,278.44
QCOM,2025-04-29,291.19
QCOM,2025-04-30,288.7
QCOM,2025-05-01,288.01
QCOM,2025-05-02,285.94
QCOM,2025-05-03,283.72
QCOM,2025-05-04,272.31
QCOM,2025-05-05,285.76
QCOM,2025-05-06,281.35
QCOM,2025-05-07,279.02
QCOM,2025-05-08,291.2
QCOM,2025-05-09,287.63
QCOM,2025-05-10,283.54
QCOM,2025-05-11,282.35
QCOM,2025-05-12,285.81
QCOM,2025-05-13,292.83
QCOM,2025-05-14,283.08
QCOM,2025-05-15,285.27
QCOM,2025-05-16,284.17
QCOM,2025-05-17,287.98
QCOM,2025-05-18,279.84
QCOM,2025-05-19,282.09
QCOM,2025-05-20,288.36
QCOM,2025-05-21,283.45
QCOM,2025-05-22,284.48
QCOM,2025-05-23,285.31
QCOM,2025-05-24,282.02
QCOM,2025-05-25,294.0
QCOM,2025-05-26,286.11
QCOM,2025-05-27,285.18
QCOM,2025-05-28,294.08
QCOM,2025-05-29,288.2
QCOM,2025-05-30,279.51
QCOM,2025-05-31,281.93
QCOM,2025-06-01,276.51
QCOM,2025-06-02,284.84
QCOM,2025-06-03,287.89
QCOM,2025-06-04,278.13
QCOM,2025-06-05,288.43
QCOM,2025-06-06,277.3
QCOM,2025-06-07,292.72
QCOM,2025-06-08,282.58
QCOM,2025-06-09,281.47
QCOM,2025-06-10,283.89
QCOM,2025-06-11,286.33
QCOM,2025-06-12,286.73
QCOM,2025-06-13,286.58
HON,2025-04-15,409.47
HON,2025-04-16,393.32
HON,2025-04-17,418.34
HON,2025-04-18,410.51
HON,2025-04-19,412.2
HON,2025-04-20,417.07
HON,2025-04-21,411.64
HON,2025-04-22,408.4
HON,2025-04-23,411.6
HON,2025-04-24,407.24
HON,2025-04-25,405.71
HON,2025-04-26,415.36
HON,2025-04-27,404.14
HON,2025-04-28,406.29
HON,2025-04-29,405.73
HON,2025-04-30,409.68
HON,2025-05-01,413.8
HON,2025-05-02,410.72
HON,2025-05-03,403.11
HON,2025-05-04,413.25
HON,2025-05-05,417.16
HON,2025-05-06,402.92
HON,2025-05-07,407.92
HON,2025-05-08,417.98
HON,2025-05-09,414.67
HON,2025-05-10,409.94
HON,2025-05-11,414.23
HON,2025-05-12,403.96
HON,2025-05-13,415.2
HON,2025-05-14,416.88
HON,2025-05-15,405.01
HON,2025-05-16,410.47
HON,2025-05-17,413.51
HON,2025-05-18,401.41
HON,2025-05-19,413.09
HON,2025-05-20,409.32
HON,2025-05-21,408.88
HON,2025-05-22,407.58
HON,2025-05-23,411.18
HON,2025-05-24,415.15
HON,2025-05-25,416.62
HON,2025-05-26,404.09
HON,2025-05-27,406.93
HON,2025-05-28,417.13
HON,2025-05-29,408.41
HON,2025-05-30,408.56
HON,2025-05-31,411.68
HON,2025-06-01,405.43
HON,2025-06-02,420.66
HON,2025-06-03,416.24
HON,2025-06-04,412.59
HON,2025-06-05,411.3
HON,2025-06-06,405.34
HON,2025-06-07,405.44
HON,2025-06-08,406.48
HON,2025-06-09,412.51
HON,2025-06-10,408.85
HON,2025-06-11,420.62
HON,2025-06-12,411.36
HON,2025-06-13,409.31
ABT,2025-04-15,167.42
ABT,2025-04-16,178.94
ABT,2025-04-17,165.32
ABT,2025-04-18,171.17
ABT,2025-04-19,170.24
ABT,2025-04-20,169.99
ABT,2025-04-21,178.65
ABT,2025-04-22,163.05
ABT,2025-04-23,172.41
ABT,2025-04-24,174.25
ABT,2025-04-25,168.16
ABT,2025-04-26,178.79
ABT,2025-04-27,176.95
ABT,2025-04-28,174.85
ABT,2025-04-29,174.77
ABT,2025-04-30,162.24
ABT,2025-05-01,168.42
ABT,2025-05-02,173.68
ABT,2025-05-03,177.91
ABT,2025-05-04,166.85
ABT,2025-05-05,176.93
ABT,2025-05-06,175.13
ABT,2025-05-07,169.02
ABT,2025-05-08,178.19
ABT,2025-05-09,179.24
ABT,2025-05-10,173.51
ABT,2025-05-11,180.03
ABT,2025-05-12,182.57
ABT,2025-05-13,176.52
ABT,2025-05-14,173.56
ABT,2025-05-15,176.33
ABT,2025-05-16,171.26
ABT,2025-05-17,169.66
ABT,2025-05-18,164.77
ABT,2025-05-19,188.24
ABT,2025-05-20,176.99
ABT,2025-05-21,181.76
ABT,2025-05-22,172.7
ABT,2025-05-23,165.18
ABT,2025-05-24,166.81
ABT,2025-05-25,175.75
ABT,2025-05-26,171.11
ABT,2025-05-27,173.38
ABT,2025-05-28,179.65
ABT,2025-05-29,174.99
ABT,2025-05-30,175.55
ABT,2025-05-31,183.39
ABT,2025-06-01,177.72
ABT,2025-06-02,173.74
ABT,2025-06-03,171.69
ABT,2025-06-04,164.17
ABT,2025-06-05,175.31
ABT,2025-06-06,172.69
ABT,2025-06-07,168.65
ABT,2025-06-08,169.49
ABT,2025-06-09,171.8
ABT,2025-06-10,169.71
ABT,2025-06-11,173.45
ABT,2025-06-12,167.16
ABT,2025-06-13,181.15
AVGO,2025-04-15,101.19
AVGO,2025-04-16,99.46
AVGO,2025-04-17,105.05
AVGO,2025-04-18,103.7
AVGO,2025-04-19,107.45
AVGO,2025-04-20,101.74
AVGO,2025-04-21,96.34
AVGO,2025-04-22,100.69
AVGO,2025-04-23,99.88
AVGO,2025-04-24,99.67
AVGO,2025-04-25,109.94
AVGO,2025-04-26,97.65
AVGO,2025-04-27,97.24
AVGO,2025-04-28,97.52
AVGO,2025-04-29,106.07
AVGO,2025-04-30,97.22
AVGO,2025-05-01,104.31
AVGO,2025-05-02,110.62
AVGO,2025-05-03,105.67
AVGO,2025-05-04,92.84
AVGO,2025-05-05,103.87
AVGO,2025-05-06,103.57
AVGO,2025-05-07,110.12
AVGO,2025-05-08,104.12
AVGO,2025-05-09,101.95
AVGO,2025-05-10,100.01
AVGO,2025-05-11,105.6
AVGO,2025-05-12,98.95
AVGO,2025-05-13,106.12
AVGO,2025-05-14,101.03
AVGO,2025-05-15,99.72
AVGO,2025-05-16,101.92
AVGO,2025-05-17,103.89
AVGO,2025-05-18,93.18
AVGO,2025-05-19,103.16
AVGO,2025-05-20,112.51
AVGO,2025-05-21,111.42
AVGO,2025-05-22,95.76
AVGO,2025-05-23,103.4
AVGO,2025-05-24,108.79
AVGO,2025-05-25,105.18
AVGO,2025-05-26,97.68
AVGO,2025-05-27,101.69
AVGO,2025-05-28,99.84
AVGO,2025-05-29,111.54
AVGO,2025-05-30,94.16
AVGO,2025-05-31,106.49
AVGO,2025-06-01,107.82
AVGO,2025-06-02,104.68
AVGO,2025-06-03,100.86
AVGO,2025-06-04,98.63
AVGO,2025-06-05,98.45
AVGO,2025-06-06,96.37
AVGO,2025-06-07,102.42
AVGO,2025-06-08,99.02
AVGO,2025-06-09,101.79
AVGO,2025-06-10,103.49
AVGO,2025-06-11,99.41
AVGO,2025-06-12,94.13
AVGO,2025-06-13,104.71
TXN,2025-04-15,272.47
TXN,2025-04-16,268.84
TXN,2025-04-17,270.82
TXN,2025-04-18,276.48
TXN,2025-04-19,265.02
TXN,2025-04-20,270.09
TXN,2025-04-21,275.57
TXN,2025-04-22,276.05
TXN,2025-04-23,268.1
TXN,2025-04-24,260.95
TXN,2025-04-25,274.57
TXN,2025-04-26,268.99
TXN,2025-04-27,268.09
TXN,2025-04-28,270.7
TXN,2025-04-29,271.17
TXN,2025-04-30,280.5
TXN,2025-05-01,272.62
TXN,2025-05-02,274.84
TXN,2025-05-03,270.71
TXN,2025-05-04,267.39
TXN,2025-05-05,266.54
TXN,2025-05-06,263.3
TXN,2025-05-07,269.07
TXN,2025-05-08,278.63
TXN,2025-05-09,271.43
TXN,2025-05-10,273.07
TXN,2025-05-11,273.81
TXN,2025-05-12,274.26
TXN,2025-05-13,269.47
TXN,2025-05-14,276.58
TXN,2025-05-15,266.17
TXN,2025-05-16,281.36
TXN,2025-05-17,272.87
TXN,2025-05-18,267.04
TXN,2025-05-19,272.66
TXN,2025-05-20,266.65
TXN,2025-05-21,273.32
TXN,2025-05-22,268.76
TXN,2025-05-23,281.46
TXN,2025-05-24,269.8
TXN,2025-05-25,278.02
TXN,2025-05-26,268.06
TXN,2025-05-27,269.75
TXN,2025-05-28,281.49
TXN,2025-05-29,273.01
TXN,2025-05-30,272.15
TXN,2025-05-31,270.69
TXN,2025-06-01,265.88
TXN,2025-06-02,271.03
TXN,2025-06-03,271.19
TXN,2025-06-04,273.03
TXN,2025-06-05,269.64
TXN,2025-06-06,277.54
TXN,2025-06-07,271.23
TXN,2025-06-08,266.48
TXN,2025-06-09,274.74
TXN,2025-06-10,264.75
TXN,2025-06-11,268.13
TXN,2025-06-12,270.3
TXN,2025-06-13,276.65
COST,2025-04-15,277.13
COST,2025-04-16,272.32
COST,2025-04-17,267.26
COST,2025-04-18,269.83
COST,2025-04-19,279.25
COST,2025-04-20,276.5
COST,2025-04-21,274.01
COST,2025-04-22,268.86
COST,2025-04-23,276.9
COST,2025-04-24,269.81
COST,2025-04-25,270.47
COST,2025-04-26,275.97
COST,2025-04-27,270.69
COST,2025-04-28,282.34
COST,2025-04-29,263.35
COST,2025-04-30,271.57
COST,2025-05-01,275.72
COST,2025-05-02,267.64
COST,2025-05-03,264.59
COST,2025-05-04,279.51
COST,2025-05-05,278.42
COST,2025-05-06,273.81
COST,2025-05-07,267.06
COST,2025-05-08,287.73
COST,2025-05-09,272.08
COST,2025-05-10,271.11
COST,2025-05-11,277.02
COST,2025-05-12,276.5
COST,2025-05-13,271.11
COST,2025-05-14,271.51
COST,2025-05-15,278.46
COST,2025-05-16,275.84
COST,2025-05-17,275.73
COST,2025-05-18,280.52
COST,2025-05-19,271.83
COST,2025-05-20,275.57
COST,2025-05-21,272.45
COST,2025-05-22,273.5
COST,2025-05-23,285.71
COST,2025-05-24,276.92
COST,2025-05-25,278.72
COST,2025-05-26,272.11
COST,2025-05-27,278.25
COST,2025-05-28,272.73
COST,2025-05-29,269.17
COST,2025-05-30,278.35
COST,2025-05-31,279.74
COST,2025-06-01,271.31
COST,2025-06-02,277.62
COST,2025-06-03,276.2
COST,2025-06-04,279.16
COST,2025-06-05,276.63
COST,2025-06-06,270.92
COST,2025-06-07,285.54
COST,2025-06-08,272.89
COST,2025-06-09,270.64
COST,2025-06-10,286.78
COST,2025-06-11,271.56
COST,2025-06-12,277.19
COST,2025-06-13,269.62
PYPL,2025-04-15,300.07
PYPL,2025-04-16,292.07
PYPL,2025-04-17,284.48
PYPL,2025-04-18,284.94
PYPL,2025-04-19,297.34
PYPL,2025-04-20,291.68
PYPL,2025-04-21,291.88
PYPL,2025-04-22,295.78
PYPL,2025-04-23,292.35
PYPL,2025-04-24,289.11
PYPL,2025-04-25,293.03
PYPL,2025-04-26,297.01
PYPL,2025-04-27,289.22
PYPL,2025-04-28,289.41
PYPL,2025-04-29,285.11
PYPL,2025-04-30,295.35
PYPL,2025-05-01,291.95
PYPL,2025-05-02,294.96
PYPL,2025-05-03,294.01
PYPL,2025-05-04,293.65
PYPL,2025-05-05,291.87
PYPL,2025-05-06,290.01
PYPL,2025-05-07,299.32
PYPL,2025-05-08,293.7
PYPL,2025-05-09,295.72
PYPL,2025-05-10,282.59
PYPL,2025-05-11,298.86
PYPL,2025-05-12,302.2
PYPL,2025-05-13,288.53
PYPL,2025-05-14,289.22
PYPL,2025-05-15,290.35
PYPL,2025-05-16,295.7
PYPL,2025-05-17,291.81
PYPL,2025-05-18,288.95
PYPL,2025-05-19,284.29
PYPL,2025-05-20,288.76
PYPL,2025-05-21,292.84
PYPL,2025-05-22,287.3
PYPL,2025-05-23,288.65
PYPL,2025-05-24,299.36
PYPL,2025-05-25,297.79
PYPL,2025-05-26,291.67
PYPL,2025-05-27,282.34
PYPL,2025-05-28,289.4
PYPL,2025-05-29,285.37
PYPL,2025-05-30,293.6
PYPL,2025-05-31,293.05
PYPL,2025-06-01,309.1
PYPL,2025-06-02,293.81
PYPL,2025-06-03,293.53
PYPL,2025-06-04,295.27
PYPL,2025-06-05,295.28
PYPL,2025-06-06,289.12
PYPL,2025-06-07,300.07
PYPL,2025-06-08,286.73
PYPL,2025-06-09,292.93
PYPL,2025-06-10,287.27
PYPL,2025-06-11,292.34
PYPL,2025-06-12,288.59
PYPL,2025-06-13,290.78
AMD,2025-04-15,203.57
AMD,2025-04-16,196.8
AMD,2025-04-17,203.21
AMD,2025-04-18,198.39
AMD,2025-04-19,187.35
AMD,2025-04-20,195.61
AMD,2025-04-21,193.94
AMD,2025-04-22,187.54
AMD,2025-04-23,198.09
AMD,2025-04-24,188.94
AMD,2025-04-25,187.58
AMD,2025-04-26,188.35
AMD,2025-04-27,194.36
AMD,2025-04-28,197.67
AMD,2025-04-29,197.51
AMD,2025-04-30,186.96
AMD,2025-05-01,189.74
AMD,2025-05-02,195.7
AMD,2025-05-03,189.34
AMD,2025-05-04,187.75
AMD,2025-05-05,183.42
AMD,2025-05-06,191.6
AMD,2025-05-07,195.46
AMD,2025-05-08,192.84
AMD,2025-05-09,194.22
AMD,2025-05-10,193.35
AMD,2025-05-11,187.56
AMD,2025-05-12,197.92
AMD,2025-05-13,189.62
AMD,2025-05-14,195.88
AMD,2025-05-15,190.89
AMD,2025-05-16,195.41
AMD,2025-05-17,184.81
AMD,2025-05-18,188.7
AMD,2025-05-19,191.51
AMD,2025-05-20,193.49
AMD,2025-05-21,198.26
AMD,2025-05-22,193.22
AMD,2025-05-23,195.26
AMD,2025-05-24,192.02
AMD,2025-05-25,193.85
AMD,2025-05-26,201.77
AMD,2025-05-27,195.05
AMD,2025-05-28,196.98
AMD,2025-05-29,192.5
AMD,2025-05-30,189.04
AMD,2025-05-31,188.71
AMD,2025-06-01,191.17
AMD,2025-06-02,199.5
AMD,2025-06-03,194.55
AMD,2025-06-04,182.71
AMD,2025-06-05,190.69
AMD,2025-06-06,192.81
AMD,2025-06-07,190.63
AMD,2025-06-08,201.52
AMD,2025-06-09,185.28
AMD,2025-06-10,198.09
AMD,2025-06-11,192.08
AMD,2025-06-12,195.78
AMD,2025-06-13,201.68
LIN,2025-04-15,249.31
LIN,2025-04-16,262.18
LIN,2025-04-17,252.05
LIN,2025-04-18,250.6
LIN,2025-04-19,238.8
LIN,2025-04-20,244.71
LIN,2025-04-21,256.25
LIN,2025-04-22,248.67
LIN,2025-04-23,256.01
LIN,2025-04-24,244.28
LIN,2025-04-25,252.55
LIN,2025-04-26,251.79
LIN,2025-04-27,248.03
LIN,2025-04-28,248.08
LIN,2025-04-29,253.42
LIN,2025-04-30,249.9
LIN,2025-05-01,248.45
LIN,2025-05-02,258.53
LIN,2025-05-03,247.27
LIN,2025-05-04,247.59
LIN,2025-05-05,252.24
LIN,2025-05-06,247.83
LIN,2025-05-07,255.35
LIN,2025-05-08,248.41
LIN,2025-05-09,254.43
LIN,2025-05-10,245.78
LIN,2025-05-11,247.34
LIN,2025-05-12,247.05
LIN,2025-05-13,259.44
LIN,2025-05-14,250.72
LIN,2025-05-15,249.1
LIN,2025-05-16,248.6
LIN,2025-05-17,241.93
LIN,2025-05-18,259.1
LIN,2025-05-19,253.12
LIN,2025-05-20,245.38
LIN,2025-05-21,252.5
LIN,2025-05-22,249.39
LIN,2025-05-23,248.1
LIN,2025-05-24,240.76
LIN,2025-05-25,249.05
LIN,2025-05-26,246.91
LIN,2025-05-27,252.13
LIN,2025-05-28,240.4
LIN,2025-05-29,251.2
LIN,2025-05-30,252.32
LIN,2025-05-31,259.05
LIN,2025-06-01,249.99
LIN,2025-06-02,244.24
LIN,2025-06-03,260.76
LIN,2025-06-04,256.8
LIN,2025-06-05,248.85
LIN,2025-06-06,254.04
LIN,2025-06-07,250.34
LIN,2025-06-08,253.63
LIN,2025-06-09,251.71
LIN,2025-06-10,256.63
LIN,2025-06-11,247.15
LIN,2025-06-12,256.34
LIN,2025-06-13,251.51
CAT,2025-04-15,482.7
CAT,2025-04-16,486.37
CAT,2025-04-17,478.26
CAT,2025-04-18,477.92
CAT,2025-04-19,488.56
CAT,2025-04-20,487.51
CAT,2025-04-21,482.35
CAT,2025-04-22,489.29
CAT,2025-04-23,473.27
CAT,2025-04-24,492.59
CAT,2025-04-25,476.85
CAT,2025-04-26,480.34
CAT,2025-04-27,483.54
CAT,2025-04-28,488.75
CAT,2025-04-29,483.94
CAT,2025-04-30,488.96
CAT,2025-05-01,489.34
CAT,2025-05-02,477.11
CAT,2025-05-03,483.42
CAT,2025-05-04,482.21
CAT,2025-05-05,491.17
CAT,2025-05-06,478.81
CAT,2025-05-07,486.31
CAT,2025-05-08,478.39
CAT,2025-05-09,487.17
CAT,2025-05-10,480.6
CAT,2025-05-11,486.03
CAT,2025-05-12,490.03
CAT,2025-05-13,486.69
CAT,2025-05-14,492.2
CAT,2025-05-15,475.62
CAT,2025-05-16,479.05
CAT,2025-05-17,479.4
CAT,2025-05-18,492.19
CAT,2025-05-19,485.47
CAT,2025-05-20,487.1
CAT,2025-05-21,479.12
CAT,2025-05-22,487.54
CAT,2025-05-23,490.77
CAT,2025-05-24,477.21
CAT,2025-05-25,486.91
CAT,2025-05-26,479.83
CAT,2025-05-27,475.14
CAT,2025-05-28,484.78
CAT,2025-05-29,484.77
CAT,2025-05-30,488.55
CAT,2025-05-31,478.49
CAT,2025-06-01,487.48
CAT,2025-06-02,483.94
CAT,2025-06-03,489.18
CAT,2025-06-04,476.81
CAT,2025-06-05,484.05
CAT,2025-06-06,477.88
CAT,2025-06-07,487.62
CAT,2025-06-08,486.78
CAT,2025-06-09,493.89
CAT,2025-06-10,478.95
CAT,2025-06-11,480.82
CAT,2025-06-12,476.42
CAT,2025-06-13,482.42
UPS,2025-04-15,432.69
UPS,2025-04-16,436.66
UPS,2025-04-17,420.18
UPS,2025-04-18,432.13
UPS,2025-04-19,439.5
UPS,2025-04-20,436.88
UPS,2025-04-21,429.3
UPS,2025-04-22,435.09
UPS,2025-04-23,433.8
UPS,2025-04-24,428.04
UPS,2025-04-25,437.47
UPS,2025-04-26,436.09
UPS,2025-04-27,430.2
UPS,2025-04-28,432.42
UPS,2025-04-29,426.91
UPS,2025-04-30,430.66
UPS,2025-05-01,431.35
UPS,2025-05-02,424.32
UPS,2025-05-03,425.35
UPS,2025-05-04,431.26
UPS,2025-05-05,429.77
UPS,2025-05-06,431.64
UPS,2025-05-07,442.46
UPS,2025-05-08,425.69
UPS,2025-05-09,429.47
UPS,2025-05-10,433.2
UPS,2025-05-11,428.25
UPS,2025-05-12,432.47
UPS,2025-05-13,429.24
UPS,2025-05-14,430.38
UPS,2025-05-15,427.36
UPS,2025-05-16,428.95
UPS,2025-05-17,434.76
UPS,2025-05-18,429.54
UPS,2025-05-19,423.79
UPS,2025-05-20,436.45
UPS,2025-05-21,431.27
UPS,2025-05-22,433.32
UPS,2025-05-23,434.69
UPS,2025-05-24,436.64
UPS,2025-05-25,433.13
UPS,2025-05-26,436.13
UPS,2025-05-27,430.94
UPS,2025-05-28,428.08
UPS,2025-05-29,424.46
UPS,2025-05-30,433.71
UPS,2025-05-31,426.89
UPS,2025-06-01,429.21
UPS,2025-06-02,431.93
UPS,2025-06-03,428.66
UPS,2025-06-04,437.72
UPS,2025-06-05,434.42
UPS,2025-06-06,429.28
UPS,2025-06-07,432.42
UPS,2025-06-08,428.7
UPS,2025-06-09,437.24
UPS,2025-06-10,423.04
UPS,2025-06-11,426.53
UPS,2025-06-12,439.33
UPS,2025-06-13,423.84
GE,2025-04-15,194.61
GE,2025-04-16,202.18
GE,2025-04-17,202.75
GE,2025-04-18,198.27
GE,2025-04-19,194.08
GE,2025-04-20,200.75
GE,2025-04-21,209.42
GE,2025-04-22,198.24
GE,2025-04-23,194.72
GE,2025-04-24,202.92
GE,2025-04-25,193.55
GE,2025-04-26,196.66
GE,2025-04-27,198.76
GE,2025-04-28,199.0
GE,2025-04-29,192.16
GE,2025-04-30,201.03
GE,2025-05-01,196.63
GE,2025-05-02,205.64
GE,2025-05-03,195.35
GE,2025-05-04,195.83
GE,2025-05-05,206.99
GE,2025-05-06,197.18
GE,2025-05-07,192.74
GE,2025-05-08,197.46
GE,2025-05-09,193.54
GE,2025-05-10,205.7
GE,2025-05-11,199.06
GE,2025-05-12,198.67
GE,2025-05-13,199.91
GE,2025-05-14,193.29
GE,2025-05-15,199.72
GE,2025-05-16,193.14
GE,2025-05-17,197.15
GE,2025-05-18,205.88
GE,2025-05-19,197.5
GE,2025-05-20,195.53
GE,2025-05-21,200.18
GE,2025-05-22,195.14
GE,2025-05-23,204.88
GE,2025-05-24,201.53
GE,2025-05-25,194.86
GE,2025-05-26,190.65
GE,2025-05-27,202.82
GE,2025-05-28,197.23
GE,2025-05-29,194.61
GE,2025-05-30,200.24
GE,2025-05-31,208.25
GE,2025-06-01,208.27
GE,2025-06-02,202.54
GE,2025-06-03,204.44
GE,2025-06-04,201.08
GE,2025-06-05,204.93
GE,2025-06-06,198.87
GE,2025-06-07,200.34
GE,2025-06-08,205.63
GE,2025-06-09,193.95
GE,2025-06-10,194.84
GE,2025-06-11,196.97
GE,2025-06-12,193.7
GE,2025-06-13,201.09
BA,2025-04-15,131.84
BA,2025-04-16,136.79
BA,2025-04-17,139.46
BA,2025-04-18,136.2
BA,2025-04-19,137.53
BA,2025-04-20,131.96
BA,2025-04-21,139.23
BA,2025-04-22,135.9
BA,2025-04-23,134.25
BA,2025-04-24,145.17
BA,2025-04-25,135.24
BA,2025-04-26,136.09
BA,2025-04-27,145.11
BA,2025-04-28,136.99
BA,2025-04-29,141.21
BA,2025-04-30,142.78
BA,2025-05-01,136.07
BA,2025-05-02,141.13
BA,2025-05-03,139.36
BA,2025-05-04,145.48
BA,2025-05-05,134.25
BA,2025-05-06,140.3
BA,2025-05-07,136.35
BA,2025-05-08,133.7
BA,2025-05-09,140.67
BA,2025-05-10,131.54
BA,2025-05-11,135.25
BA,2025-05-12,134.97
BA,2025-05-13,126.58
BA,2025-05-14,138.23
BA,2025-05-15,145.36
BA,2025-05-16,132.51
BA,2025-05-17,139.76
BA,2025-05-18,129.15
BA,2025-05-19,138.0
BA,2025-05-20,140.34
BA,2025-05-21,140.43
BA,2025-05-22,141.07
BA,2025-05-23,138.16
BA,2025-05-24,143.43
BA,2025-05-25,139.63
BA,2025-05-26,144.22
BA,2025-05-27,135.31
BA,2025-05-28,139.8
BA,2025-05-29,140.13
BA,2025-05-30,129.42
BA,2025-05-31,133.7
BA,2025-06-01,136.21
BA,2025-06-02,138.47
BA,2025-06-03,141.54
BA,2025-06-04,138.74
BA,2025-06-05,130.63
BA,2025-06-06,133.26
BA,2025-06-07,140.18
BA,2025-06-08,137.07
BA,2025-06-09,141.76
BA,2025-06-10,139.24
BA,2025-06-11,136.42
BA,2025-06-12,135.87
BA,2025-06-13,144.91
